Target,Reference Ab,Method,HCDRs Designed,HCDR1,HCDR2,HCDR3,KD (nM),Binding Replicates,Replicates,Ratio Binding Replicates,Binder,HCDR1 scRMSD (ABB2),HCDR2 scRMSD (ABB2),HCDR3 scRMSD (ABB2),HCDR123 scRMSD (ABB2),Fv scRMSD (ABB2),HCDR1 scRMSD (ABB3),HCDR2 scRMSD (ABB3),HCDR3 scRMSD (ABB3),HCDR123 scRMSD (ABB3),Fv scRMSD (ABB3),HCDR1 scRMSD (ABB3-LM),HCDR2 scRMSD (ABB3-LM),HCDR3 scRMSD (ABB3-LM),HCDR123 scRMSD (ABB3-LM),Fv scRMSD (ABB3-LM),HCDR1 scRMSD (ESMFold),HCDR2 scRMSD (ESMFold),HCDR3 scRMSD (ESMFold),HCDR123 scRMSD (ESMFold),Fv scRMSD (ESMFold),HCDR1 scRMSD (Mean Ensemble),HCDR1 scRMSD (Min Ensemble),HCDR1 scRMSD (Max Ensemble),HCDR2 scRMSD (Mean Ensemble),HCDR2 scRMSD (Min Ensemble),HCDR2 scRMSD (Max Ensemble),HCDR3 scRMSD (Mean Ensemble),HCDR3 scRMSD (Min Ensemble),HCDR3 scRMSD (Max Ensemble),HCDR123 scRMSD (Mean Ensemble),HCDR123 scRMSD (Min Ensemble),HCDR123 scRMSD (Max Ensemble),Fv scRMSD (Mean Ensemble),Fv scRMSD (Min Ensemble),Fv scRMSD (Max Ensemble)
FXI,Osocimab,Positive Control,,GFTFSQYG,IGPSGGST,TRGGPYYYYGMDV,101.73482451642856,14.0,14.0,1.0,True,0.3017125129699707,0.439351737499237,1.9334996938705444,1.3244641984770658,0.5759353041648865,0.5246781706809998,0.5212541818618774,2.1583614349365234,1.4963951848595836,0.6668838262557983,0.3971291482448578,0.3698384463787079,1.912022590637207,1.3115104654273075,0.6241117715835571,0.7707530856132507,1.0992693901062012,3.516652107238769,2.457841600431677,1.1313748359680176,0.4985682293772697,0.3017125129699707,0.7707530856132507,0.6074284389615059,0.3698384463787079,1.0992693901062012,2.380133956670761,1.912022590637207,3.516652107238769,1.6475528622989084,1.3115104654273075,2.457841600431677,0.7495764344930649,0.5759353041648865,1.1313748359680176
FXI,Osocimab,SAbDab,HCDR3,GFTFSQYG,IGPSGGST,KGVMEVGGVIDEY,,0.0,2.0,0.0,False,0.3240953981876373,0.5269081592559814,2.978343963623047,2.020398443434836,0.8138888478279114,0.4725707173347473,0.9471970200538636,3.3680381774902344,2.322542433945612,0.9927047491073608,0.3540206849575043,0.5254037380218506,3.6196177005767822,2.446195200043181,0.9599886536598206,0.6204144954681396,1.1167410612106323,4.457792282104492,3.0591358614581607,1.286635398864746,0.4427753239870071,0.3240953981876373,0.6204144954681396,0.779062494635582,0.5254037380218506,1.1167410612106323,3.605948030948639,2.978343963623047,4.457792282104492,2.462067984720448,2.020398443434836,3.0591358614581607,1.0133044123649595,0.8138888478279114,1.286635398864746
FXI,Osocimab,SAbDab,HCDR3,GFTFSQYG,IGPSGGST,ARRSNWPYLPFDP,,0.0,2.0,0.0,False,0.3603821992874145,0.9801579713821412,2.8902859687805176,2.011376853736844,0.8737515807151794,0.4453156590461731,0.913651704788208,2.290675640106201,1.623937927057308,0.7669969201087952,0.4231709539890289,0.5611682534217834,2.85593056678772,1.947449967925776,0.8256493806838989,0.6903513669967651,1.0623644590377808,3.501242160797119,2.436820163167637,1.166994571685791,0.4798050448298454,0.3603821992874145,0.6903513669967651,0.8793355971574783,0.5611682534217834,1.0623644590377808,2.8845335841178894,2.290675640106201,3.501242160797119,2.004896227971891,1.623937927057308,2.436820163167637,0.908348113298416,0.7669969201087952,1.166994571685791
FXI,Osocimab,SAbDab,HCDR3,GFTFSQYG,IGPSGGST,SRPVVRLGYNFDY,,0.0,2.0,0.0,False,0.369420975446701,0.7400568127632141,2.387627601623535,1.6565772760911652,0.7278335094451904,0.6053515076637268,1.5683079957962036,2.189949512481689,1.7115706500565666,0.9194424152374268,0.4391193091869354,0.5049397945404053,2.800091505050659,1.9074172950573207,0.8236759305000305,0.9731981158256532,1.0795632600784302,2.320648431777954,1.731163552425396,0.9963512420654296,0.5967724770307541,0.369420975446701,0.9731981158256532,0.9732169657945632,0.5049397945404053,1.5683079957962036,2.4245792627334595,2.189949512481689,2.800091505050659,1.751682193407612,1.6565772760911652,1.9074172950573207,0.8668257743120193,0.7278335094451904,0.9963512420654296
FXI,Osocimab,SAbDab,HCDR3,GFTFSQYG,IGPSGGST,AKESNYGENAFDV,,0.0,2.0,0.0,False,0.293608158826828,0.6269516348838806,2.417302370071411,1.6588088014772486,0.7112106680870056,0.4876872599124908,1.0753182172775269,1.8107210397720337,1.3617486722576595,0.7164341807365417,0.3811743855476379,0.4603691697120666,2.0605480670928955,1.41487208944661,0.6415887475013733,0.5321409702301025,1.115057110786438,2.390674352645874,1.7271804925876746,0.9119521379470824,0.4236526936292648,0.293608158826828,0.5321409702301025,0.819424033164978,0.4603691697120666,1.115057110786438,2.1698114573955536,1.8107210397720337,2.417302370071411,1.5406525139422982,1.3617486722576595,1.7271804925876746,0.7452964335680008,0.6415887475013733,0.9119521379470824
FXI,Osocimab,SAbDab,HCDR3,GFTFSQYG,IGPSGGST,ARRGRYGLYAMDY,2040.0000000000025,1.0,2.0,0.5,False,0.6326369643211365,0.6099065542221069,2.261481761932373,1.5829220158787325,0.7132819294929504,0.3596729338169098,0.683803379535675,1.406338453292847,1.0253150136154203,0.5342980027198792,0.3979761302471161,0.4238967895507812,1.6452370882034302,1.143090998590569,0.5553818345069885,0.640701413154602,1.0846900939941406,2.6166131496429443,1.872698993432735,0.9517151117324828,0.5077468603849411,0.3596729338169098,0.640701413154602,0.700574204325676,0.4238967895507812,1.0846900939941406,1.9824176132678983,1.406338453292847,2.6166131496429443,1.4060067553793645,1.0253150136154203,1.872698993432735,0.6886692196130753,0.5342980027198792,0.9517151117324828
FXI,Osocimab,SAbDab,HCDR3,GFTFSQYG,IGPSGGST,VTSRTKDYDWDFV,,0.0,4.0,0.0,False,0.538149356842041,0.7877793908119202,2.824763059616089,1.9565304552692904,0.8624512553215027,0.5531700849533081,0.7951988577842712,2.77541184425354,1.926624247122109,0.8887860774993896,0.3665316700935364,0.6077960729598999,3.888216733932495,2.629849045506035,1.0283828973770142,1.4631975889205933,1.0208569765090942,3.125528573989868,2.2928738515492872,1.2701663970947266,0.7302621752023697,0.3665316700935364,1.4631975889205933,0.8029078245162964,0.6077960729598999,1.0208569765090942,3.153480052947998,2.77541184425354,3.888216733932495,2.20146939986168,1.926624247122109,2.629849045506035,1.0124466568231585,0.8624512553215027,1.2701663970947266
FXI,Osocimab,SAbDab,HCDR3,GFTFSQYG,IGPSGGST,ARANYGLYYAMDR,,0.0,4.0,0.0,False,0.3564902544021606,0.537126898765564,2.498647928237915,1.706850941471164,0.734372615814209,0.5544936656951904,0.6232569813728333,1.681146264076233,1.2078562630978404,0.642311692237854,0.4407351613044739,0.8806502223014832,2.3616719245910645,1.6636661220476143,0.740656852722168,0.5155582427978516,1.2941685914993286,2.330782413482666,1.7235537438127992,0.8698473572731018,0.4668193310499191,0.3564902544021606,0.5544936656951904,0.8338006734848022,0.537126898765564,1.2941685914993286,2.2180621325969696,1.681146264076233,2.498647928237915,1.5754817676073545,1.2078562630978404,1.7235537438127992,0.7467971295118332,0.642311692237854,0.8698473572731018
FXI,Osocimab,SAbDab,HCDR3,GFTFSQYG,IGPSGGST,ASGYLGENYVMDF,,0.0,2.0,0.0,False,0.3803960978984833,0.6257838010787964,2.8625237941741943,1.954773155502181,0.8217229843139648,0.4024004936218261,0.6199495196342468,1.9439232349395752,1.3581807885434642,0.6405350565910339,0.5900661945343018,0.5606918334960938,3.951934337615967,2.6802703973436066,1.0537062883377075,0.6048959493637085,1.142048716545105,3.250321388244629,2.279602609754588,1.096459984779358,0.4944396838545799,0.3803960978984833,0.6048959493637085,0.7371184676885605,0.5606918334960938,1.142048716545105,3.0021756887435918,1.9439232349395752,3.951934337615967,2.0682067377859603,1.3581807885434642,2.6802703973436066,0.903106078505516,0.6405350565910339,1.096459984779358
FXI,Osocimab,SAbDab,HCDR3,GFTFSQYG,IGPSGGST,ARSSPGADYGLDY,,0.0,4.0,0.0,False,0.4927680492401123,0.4702475965023041,1.9164294004440308,1.3320550189070228,0.6017930507659912,0.4724079370498657,0.5083794593811035,1.985128402709961,1.3781860085141662,0.659224808216095,0.4957471787929535,0.8920420408248901,2.477473258972168,1.743207436951326,0.7364825010299683,0.7251935005187988,1.0930911302566528,2.299534320831299,1.686745344542904,0.9445006251335144,0.5465291664004326,0.4724079370498657,0.7251935005187988,0.7409400567412376,0.4702475965023041,1.0930911302566528,2.1696413457393646,1.9164294004440308,2.477473258972168,1.5350484522288546,1.3320550189070228,1.743207436951326,0.7355002462863922,0.6017930507659912,0.9445006251335144
FXI,Osocimab,SAbDab,HCDR3,GFTFSQYG,IGPSGGST,ARSGSVSSPWFAY,,0.0,2.0,0.0,False,0.3251323699951172,0.6807622313499451,2.3865785598754883,1.6462918633553958,0.7375303506851196,0.6242358684539795,1.0785589218139648,3.3697845935821533,2.3492075320544488,1.0194804668426514,0.3936007916927337,0.5100828409194946,3.1926872730255127,2.1642321645967693,0.9189637899398804,0.7975440621376038,1.1123279333114624,2.6626462936401367,1.9222177242541687,0.9935296773910522,0.5351282730698586,0.3251323699951172,0.7975440621376038,0.8454329818487167,0.5100828409194946,1.1123279333114624,2.9029241800308228,2.3865785598754883,3.3697845935821533,2.020487321065196,1.6462918633553958,2.3492075320544488,0.917376071214676,0.7375303506851196,1.0194804668426514
FXI,Osocimab,SAbDab,HCDR3,GFTFSQYG,IGPSGGST,ANAGGGKYDYLDV,,0.0,2.0,0.0,False,0.4371054172515869,0.530704140663147,3.207968235015869,2.177989002893157,0.8666121363639832,0.6006112694740295,0.5006484985351562,1.9234371185302732,1.3517038681127511,0.6637028455734253,0.5444188117980957,0.4169321954250335,3.2561326026916504,2.2096417889427564,0.8967424035072327,0.8348425626754761,1.0125302076339722,2.244614124298096,1.6533689699977103,0.9397704601287842,0.6042445152997971,0.4371054172515869,0.8348425626754761,0.6152037605643272,0.4169321954250335,1.0125302076339722,2.658038020133972,1.9234371185302732,3.2561326026916504,1.848175907486593,1.3517038681127511,2.2096417889427564,0.8417069613933563,0.6637028455734253,0.9397704601287842
FXI,Osocimab,SAbDab,HCDR3,GFTFSQYG,IGPSGGST,ARALTYYDYEFAY,,0.0,2.0,0.0,False,0.3701246380805969,0.6533823013305664,2.8668746948242188,1.9595726323390668,0.8370341062545776,0.4719317853450775,1.0745368003845217,2.7178454399108887,1.921257503261988,0.8583163619041443,0.4276726245880127,0.5230100154876709,3.634024620056152,2.458842599961972,0.9985737800598145,0.7081446647644043,1.1011288166046145,2.971895933151245,2.1052461481374767,1.029354453086853,0.4944684281945228,0.3701246380805969,0.7081446647644043,0.8380144834518433,0.5230100154876709,1.1011288166046145,3.047660171985626,2.7178454399108887,3.634024620056152,2.1112297209251256,1.921257503261988,2.458842599961972,0.9308196753263474,0.8370341062545776,1.029354453086853
FXI,Osocimab,SAbDab,HCDR3,GFTFSQYG,IGPSGGST,ARVLPMYGDYLDY,,0.0,2.0,0.0,False,0.4765874743461609,0.5743230581283569,2.2041378021240234,1.5269167222757023,0.6706977486610413,0.3830917179584503,0.6572508811950684,2.029245376586914,1.4161845567043887,0.6464388966560364,0.4111437499523163,0.7162222862243652,2.5359201431274414,1.7524140100053511,0.7634825110435486,0.605379581451416,1.0823060274124146,2.3202168941497803,1.68448549254832,0.9415929317474364,0.4690506309270859,0.3830917179584503,0.605379581451416,0.7575255632400513,0.5743230581283569,1.0823060274124146,2.27238005399704,2.029245376586914,2.5359201431274414,1.5950001953834403,1.4161845567043887,1.7524140100053511,0.7555530220270157,0.6464388966560364,0.9415929317474364
FXI,Osocimab,SAbDab,HCDR3,GFTFSQYG,IGPSGGST,ASTLGLVLDAMDY,,0.0,2.0,0.0,False,0.7097805142402649,0.6328381299972534,3.745516538619995,2.5570039287077257,1.017559289932251,0.5777618885040283,0.7976109981536865,3.2112526893615723,2.211395305259452,0.9203751683235168,0.5463360548019409,0.501338541507721,3.447283983230591,2.34070101890598,0.9427780508995056,0.5811281800270081,1.2779821157455444,4.376981258392334,3.021880723874628,1.2767446041107178,0.6037516593933105,0.5463360548019409,0.7097805142402649,0.8024424463510513,0.501338541507721,1.2779821157455444,3.695258617401123,3.2112526893615723,4.376981258392334,2.5327452441869465,2.211395305259452,3.021880723874628,1.0393642783164978,0.9203751683235168,1.2767446041107178
FXI,Osocimab,SAbDab,HCDR3,GFTFSQYG,IGPSGGST,AKGSYSRGTPFDY,,0.0,2.0,0.0,False,0.2755481898784637,0.5627561807632446,1.360814094543457,0.9687276687573584,0.565733790397644,0.5388809442520142,1.017153024673462,2.493091583251953,1.7753243213536585,0.8175955414772034,0.5422229766845703,0.5878903865814209,3.209400177001953,2.1894749044120805,0.9278708100318908,0.5580093860626221,1.1431230306625366,4.249444484710693,2.922539976291386,1.2771492004394531,0.4786653742194175,0.2755481898784637,0.5580093860626221,0.827730655670166,0.5627561807632446,1.1431230306625366,2.828187584877014,1.360814094543457,4.249444484710693,1.964016717703621,0.9687276687573584,2.922539976291386,0.8970873355865479,0.565733790397644,1.2771492004394531
FXI,Osocimab,SAbDab,HCDR3,GFTFSQYG,IGPSGGST,ARYHHPFGYALDY,,0.0,2.0,0.0,False,0.2680724859237671,0.5596593022346497,1.597084641456604,1.1178717882500009,0.5769266486167908,0.3923821747303009,0.7561871409416199,1.59478497505188,1.1577277182993249,0.5915926694869995,0.465108186006546,0.4680019021034241,1.7247450351715088,1.205654807248996,0.6278932690620422,0.6897739171981812,1.1547281742095947,2.55228853225708,1.8491170258174,0.9128255844116212,0.4538341909646988,0.2680724859237671,0.6897739171981812,0.7346441298723221,0.4680019021034241,1.1547281742095947,1.867225795984268,1.59478497505188,2.55228853225708,1.3325928349039302,1.1178717882500009,1.8491170258174,0.6773095428943634,0.5769266486167908,0.9128255844116212
FXI,Osocimab,SAbDab,HCDR3,GFTFSQYG,IGPSGGST,ARKDYDYDAWFAY,,0.0,4.0,0.0,False,0.3413186371326446,0.6317670941352844,2.3037126064300537,1.587854957716613,0.7290354371070862,0.5275595188140869,0.7782530188560486,3.4310693740844727,2.34969591653418,0.9666863679885864,0.4173453748226166,0.7190883755683899,2.048534393310547,1.4394028110056505,0.6867051720619202,0.6335203647613525,1.1175481081008911,3.1077651977539062,2.187415050005393,1.069730281829834,0.4799359738826751,0.3413186371326446,0.6335203647613525,0.8116641491651535,0.6317670941352844,1.1175481081008911,2.722770392894745,2.048534393310547,3.4310693740844727,1.8910921838154595,1.4394028110056505,2.34969591653418,0.8630393147468567,0.6867051720619202,1.069730281829834
FXI,Osocimab,SAbDab,HCDR3,GFTFSQYG,IGPSGGST,ASDYHGSKYYFDY,,0.0,4.0,0.0,False,0.3919360041618347,0.6024178266525269,2.530956029891968,1.7360951833315323,0.7473515272140503,0.5671548247337341,0.6730179786682129,1.5474166870117188,1.1344970266489722,0.6406072974205017,0.4643221795558929,0.6118045449256897,2.137784719467163,1.4870800443311367,0.686312735080719,0.8200767636299133,1.0159393548965454,1.826309084892273,1.401938715824075,0.8864889740943909,0.5608724430203438,0.3919360041618347,0.8200767636299133,0.7257949262857437,0.6024178266525269,1.0159393548965454,2.0106166303157806,1.5474166870117188,2.530956029891968,1.439902742533929,1.1344970266489722,1.7360951833315323,0.7401901334524155,0.6406072974205017,0.8864889740943909
FXI,Osocimab,SAbDab,HCDR3,GFTFSQYG,IGPSGGST,ARGSAYYYDFADY,,0.0,8.0,0.0,False,0.4387124478816986,0.6940277814865112,3.864691019058228,2.6232318980237723,1.0322798490524292,0.4074288606643677,0.9152685403823853,2.1571500301361084,1.5371555627963651,0.7394615411758423,0.5488596558570862,0.5304179787635803,3.6044397354125977,2.446366318137856,0.9713941216468812,0.6064010262489319,1.192057490348816,3.447697401046753,2.4128664589914965,1.096582293510437,0.5003504976630211,0.4074288606643677,0.6064010262489319,0.8329429477453232,0.5304179787635803,1.192057490348816,3.2684945464134216,2.1571500301361084,3.864691019058228,2.2549050594873723,1.5371555627963651,2.6232318980237723,0.9599294513463974,0.7394615411758423,1.096582293510437
FXI,Osocimab,SAbDab,HCDR3,GFTFSQYG,IGPSGGST,ASGSDYGDYLLVY,,0.0,2.0,0.0,False,0.3632417619228363,0.5208284258842468,2.284197807312012,1.565290869880298,0.6970169544219971,0.4981745779514313,0.4481289386749267,2.574476957321167,1.7592620954631608,0.7717907428741455,0.4354248642921448,0.4962159693241119,3.491796970367432,2.3634501364327973,0.945074737071991,0.7660755515098572,1.057824730873108,2.389094352722168,1.740471131576255,0.9530614018440248,0.5157291889190674,0.3632417619228363,0.7660755515098572,0.6307495161890984,0.4481289386749267,1.057824730873108,2.6848915219306946,2.284197807312012,3.491796970367432,1.857118558338128,1.565290869880298,2.3634501364327973,0.8417359590530396,0.6970169544219971,0.9530614018440248
FXI,Osocimab,SAbDab,HCDR3,GFTFSQYG,IGPSGGST,ALSSGYSGYAGNY,,0.0,2.0,0.0,False,0.5597823262214661,0.5674139857292175,3.3201706409454346,2.2620440037836733,0.8977765440940857,0.318470299243927,0.6275908350944519,2.188449621200561,1.5111471023272354,0.6821019053459167,0.5159589052200317,0.5510900616645813,3.315050840377808,2.2546780315241857,0.9120984077453612,0.7681950330734253,1.0978111028671265,4.508516788482666,3.0995545276574203,1.338801026344299,0.5406016409397125,0.318470299243927,0.7681950330734253,0.7109764963388443,0.5510900616645813,1.0978111028671265,3.333046972751617,2.188449621200561,4.508516788482666,2.2818559163231287,1.5111471023272354,3.0995545276574203,0.9576944708824158,0.6821019053459167,1.338801026344299
FXI,Osocimab,SAbDab,HCDR3,GFTFSQYG,IGPSGGST,ARWDWGQYWFFDL,,0.0,2.0,0.0,False,0.3121176660060882,0.6061880588531494,1.8312091827392576,1.277285687852139,0.6172670125961304,0.3968485295772552,0.4943958818912506,1.878680229187012,1.3011671232167623,0.628031313419342,0.3024495542049408,0.5662832856178284,2.130570888519287,1.4658002402165429,0.6970927715301514,0.4930653870105743,1.0956950187683103,2.3232808113098145,1.6786542934104796,0.9501672983169556,0.3761202841997146,0.3024495542049408,0.4930653870105743,0.6906405612826347,0.4943958818912506,1.0956950187683103,2.0409352779388428,1.8312091827392576,2.3232808113098145,1.430726836173981,1.277285687852139,1.6786542934104796,0.7231395989656448,0.6172670125961304,0.9501672983169556
FXI,Osocimab,SAbDab,HCDR3,GFTFSQYG,IGPSGGST,AKDTSGWYEFFDS,,0.0,2.0,0.0,False,0.4374949336051941,0.7312829494476318,3.485225915908813,2.3760138195976825,0.9739267826080322,0.5850037932395935,1.2917084693908691,1.817569375038147,1.426741903223514,0.7913710474967957,0.5924002528190613,0.5185972452163696,3.5062122344970703,2.383671930762668,0.9748629331588744,0.6382967829704285,1.1343928575515747,3.4942243099212646,2.43734596593336,1.143723487854004,0.5632989406585693,0.4374949336051941,0.6382967829704285,0.9189953804016112,0.5185972452163696,1.2917084693908691,3.075807958841324,1.817569375038147,3.5062122344970703,2.155943404879306,1.426741903223514,2.43734596593336,0.9709710627794266,0.7913710474967957,1.143723487854004
FXI,Osocimab,SAbDab,HCDR3,GFTFSQYG,IGPSGGST,ARFVNWDGDYMDY,,0.0,2.0,0.0,False,0.5046209692955017,0.8277532458305359,4.797374248504639,3.252113042060641,1.3024460077285769,0.3824921548366546,0.7901397943496704,2.192319393157959,1.5385439301610453,0.7017814517021179,0.5101613998413086,0.4864791333675384,2.606912851333618,1.784254338570766,0.7664744853973389,0.5181652903556824,1.1975176334381104,4.144120216369629,2.858012757775402,1.2344192266464231,0.4788599535822868,0.3824921548366546,0.5181652903556824,0.8254724517464638,0.4864791333675384,1.1975176334381104,3.435181677341461,2.192319393157959,4.797374248504639,2.358231017141964,1.5385439301610453,3.252113042060641,1.0012802928686142,0.7017814517021179,1.3024460077285769
FXI,Osocimab,SAbDab,HCDR3,GFTFSQYG,IGPSGGST,ARRGYYRYDSIDY,,0.0,4.0,0.0,False,0.6143203973770142,0.4226951003074646,1.9049314260482788,1.3341976044122394,0.6307508945465088,0.3140014708042145,0.3728711605072021,2.7456653118133545,1.8560604615084904,0.7768787741661072,0.3445092737674713,0.4152195751667022,2.05109977722168,1.4022135866138763,0.6403576731681824,0.7593812942504883,1.0351073741912842,2.2910640239715576,1.6756010194438775,0.9790300726890564,0.5080531090497971,0.3140014708042145,0.7593812942504883,0.5614733025431633,0.3728711605072021,1.0351073741912842,2.2481901347637177,1.9049314260482788,2.7456653118133545,1.567018167994621,1.3341976044122394,1.8560604615084904,0.7567543536424637,0.6307508945465088,0.9790300726890564
FXI,Osocimab,SAbDab,HCDR3,GFTFSQYG,IGPSGGST,AKAILTRYNWLDP,,0.0,2.0,0.0,False,0.4682470858097076,0.7182825207710266,3.529815673828125,2.4058568184081657,0.9861838221549988,0.8688240647315979,0.5133275985717773,2.5934054851531982,1.815466691845308,0.8654239177703857,0.5101526975631714,0.5705031752586365,4.1105475425720215,2.781352012335584,1.088848352432251,0.6773818731307983,1.0335038900375366,2.5923540592193604,1.853046944068397,1.0005297660827637,0.6311514303088188,0.4682470858097076,0.8688240647315979,0.7089042961597443,0.5133275985717773,1.0335038900375366,3.2065306901931763,2.5923540592193604,4.1105475425720215,2.213930616664364,1.815466691845308,2.781352012335584,0.9852464646100998,0.8654239177703857,1.088848352432251
FXI,Osocimab,SAbDab,HCDR3,GFTFSQYG,IGPSGGST,ARDLGILWFGDYP,,0.0,2.0,0.0,False,0.6913026571273804,0.5060835480690002,3.58056378364563,2.4391762352018533,0.9733130931854248,0.5358526110649109,0.6040821075439453,4.5197858810424805,3.055726467287962,1.193802833557129,0.5077458024024963,0.47281613945961,5.162681579589844,3.4757462181264955,1.3156896829605105,1.0246127843856812,0.9743491411209106,5.677901268005371,3.8734054221845793,1.6023497581481934,0.6898784637451172,0.5077458024024963,1.0246127843856812,0.6393327340483665,0.47281613945961,0.9743491411209106,4.735233128070831,3.58056378364563,5.677901268005371,3.2110135857002224,2.4391762352018533,3.8734054221845793,1.2712888419628143,0.9733130931854248,1.6023497581481934
FXI,Osocimab,SAbDab,HCDR3,GFTFSQYG,IGPSGGST,ARGGSYYVDYFHH,,0.0,2.0,0.0,False,0.4829460680484772,0.61683189868927,2.72584867477417,1.870856441699971,0.788712203502655,0.4666196405887604,1.118189811706543,2.771045684814453,1.961418234138989,0.9311160445213318,0.4623835384845733,0.4270975291728973,3.475945949554444,2.3506293351268503,0.9582996368408204,0.5371859669685364,1.262251377105713,4.328822135925293,2.986509278896455,1.253618240356445,0.4872838035225868,0.4623835384845733,0.5371859669685364,0.8560926541686058,0.4270975291728973,1.262251377105713,3.32541561126709,2.72584867477417,4.328822135925293,2.2923533224655666,1.870856441699971,2.986509278896455,0.9829365313053132,0.788712203502655,1.253618240356445
FXI,Osocimab,SAbDab,HCDR3,GFTFSQYG,IGPSGGST,NADARTITGRADY,,0.0,2.0,0.0,False,0.5470924377441406,0.558699905872345,2.033304214477539,1.4219690589536742,0.661695659160614,0.5644681453704834,0.8530021905899048,4.387360095977783,2.9862094999342523,1.1838090419769287,0.4147466123104095,0.6601454615592957,2.2799580097198486,1.5804753224555297,0.6912023425102234,0.99787437915802,1.1275858879089355,4.867197513580322,3.35334406926909,1.4039894342422483,0.6310453936457634,0.4147466123104095,0.99787437915802,0.7998583614826202,0.558699905872345,1.1275858879089355,3.3919549584388733,2.033304214477539,4.867197513580322,2.3354994876531365,1.4219690589536742,3.35334406926909,0.9851741194725036,0.661695659160614,1.4039894342422483
FXI,Osocimab,SAbDab,HCDR3,GFTFSQYG,IGPSGGST,ARFNGYWNYIMDY,,0.0,2.0,0.0,False,0.4004163146018982,0.4546712338924408,2.003258466720581,1.378480567143418,0.6330822110176086,0.6668657660484314,0.636314868927002,2.157976627349853,1.523789209709736,0.7180216908454895,0.4552849531173706,0.5228201150894165,2.984261512756348,2.030972420269473,0.8705484867095947,0.5354796051979065,1.2011436223983765,3.3860132694244385,2.3699410109276653,1.0957787036895752,0.5145116597414017,0.4004163146018982,0.6668657660484314,0.7037374600768089,0.4546712338924408,1.2011436223983765,2.632877469062805,2.003258466720581,3.3860132694244385,1.825795802012573,1.378480567143418,2.3699410109276653,0.829357773065567,0.6330822110176086,1.0957787036895752
FXI,Osocimab,SAbDab,HCDR3,GFTFSQYG,IGPSGGST,TRIGYDEDYAMDH,,0.0,2.0,0.0,False,0.3388968110084533,0.6039802432060242,2.327166557312012,1.60001400718748,0.7077772617340088,0.5127876996994019,0.7241939902305603,2.005805730819702,1.4215290634753928,0.6869462728500366,0.4148465991020202,0.5703955888748169,2.516608953475952,1.7251962282198323,0.7439201474189758,0.6505616307258606,1.0776175260543823,2.0283737182617188,1.5104443166214985,0.8719666600227356,0.479273185133934,0.3388968110084533,0.6505616307258606,0.7440468370914459,0.5703955888748169,1.0776175260543823,2.219488739967346,2.005805730819702,2.516608953475952,1.5642959038760509,1.4215290634753928,1.7251962282198323,0.7526525855064392,0.6869462728500366,0.8719666600227356
FXI,Osocimab,SAbDab,HCDR3,GFTFSQYG,IGPSGGST,TRSHYGLDWNFDV,,0.0,2.0,0.0,False,0.4255928993225097,0.6071072220802307,2.1087841987609863,1.4646205619100066,0.6623103022575378,0.32904714345932,0.7603789567947388,1.671399712562561,1.2006906982555514,0.5959202647209167,0.3294048607349396,0.4702058732509613,2.587465524673462,1.7584428940947994,0.7559064030647278,0.5030997395515442,1.1746829748153689,3.299643516540528,2.3089281801026096,1.0811907052993774,0.3967861607670784,0.32904714345932,0.5030997395515442,0.7530937567353249,0.4702058732509613,1.1746829748153689,2.416823238134384,1.671399712562561,3.299643516540528,1.6831705835907416,1.2006906982555514,2.3089281801026096,0.77383191883564,0.5959202647209167,1.0811907052993774
FXI,Osocimab,SAbDab,HCDR3,GFTFSQYG,IGPSGGST,ATSLYYGTPWFAY,,0.0,2.0,0.0,False,0.6058580875396729,0.5097545385360718,3.455843925476074,2.3508799070121578,0.9363470077514648,0.393500417470932,0.7273736596107483,3.107811212539673,2.1256374060680674,0.8880001902580261,0.4540556669235229,0.5767521858215332,3.4248270988464355,2.325223056419422,0.9333415031433104,0.8961873054504395,1.0243879556655884,2.993295907974243,2.127795071043436,1.0775176286697388,0.5874003693461418,0.393500417470932,0.8961873054504395,0.7095670849084854,0.5097545385360718,1.0243879556655884,3.2454445362091064,2.993295907974243,3.455843925476074,2.232383860135771,2.1256374060680674,2.3508799070121578,0.9588015824556352,0.8880001902580261,1.0775176286697388
FXI,Osocimab,Inverse Folding,HCDR3,GFTFSQYG,IGPSGGST,ARDGSAYYYAFDV,269.9999999999998,2.0,2.0,1.0,True,0.3716543912887573,0.681918740272522,3.2022833824157715,2.182494353083844,0.9043177366256714,0.7743473052978516,1.230823993682861,1.7396273612976074,1.3928174776015547,0.8830088376998901,0.318467915058136,0.4992204010486603,2.9673190116882324,2.010917701779728,0.8253097534179688,0.585703432559967,1.0846335887908936,1.871946692466736,1.410676356678383,0.8583366870880127,0.512543261051178,0.318467915058136,0.7743473052978516,0.8741491809487343,0.4992204010486603,1.230823993682861,2.445294111967087,1.7396273612976074,3.2022833824157715,1.7492264722858777,1.3928174776015547,2.182494353083844,0.8677432537078857,0.8253097534179688,0.9043177366256714
FXI,Osocimab,Inverse Folding,HCDR3,GFTFSQYG,IGPSGGST,TRGGDAYYYAFDV,,0.0,4.0,0.0,False,0.4133073389530182,0.5944995284080505,2.8984649181365967,1.9775316086001675,0.8131037950515747,0.3227813243865967,0.7487447261810303,2.2759714126586914,1.582872202924799,0.7213875651359558,0.4918597042560577,0.4079752266407013,3.5728566646575928,2.415581030512859,0.9627439379692078,0.6083930730819702,1.0801119804382324,1.9789421558380127,1.4763074731522354,0.8569288849830627,0.4590853601694107,0.3227813243865967,0.6083930730819702,0.7078328654170036,0.4079752266407013,1.0801119804382324,2.6815587878227234,1.9789421558380127,3.5728566646575928,1.8630730787975152,1.4763074731522354,2.415581030512859,0.8385410457849503,0.7213875651359558,0.9627439379692078
FXI,Osocimab,Inverse Folding,HCDR3,GFTFSQYG,IGPSGGST,ARDGPAYYYGFDV,175.0,2.0,2.0,1.0,True,0.4986775517463684,0.6252857446670532,1.8081258535385127,1.281411409800545,0.602011501789093,0.4990768134593963,1.104194164276123,1.7790799140930176,1.3505198076489646,0.6943983435630798,0.307055115699768,0.4383592903614044,2.5735816955566406,1.7458791813507295,0.7552335262298584,0.6684169769287109,1.0555988550186155,2.097239255905152,1.5499490985716575,0.8985034227371216,0.4933066144585609,0.307055115699768,0.6684169769287109,0.8058595135807991,0.4383592903614044,1.104194164276123,2.0645066797733307,1.7790799140930176,2.5735816955566406,1.481939874342974,1.281411409800545,1.7458791813507295,0.7375366985797882,0.602011501789093,0.8985034227371216
FXI,Osocimab,Inverse Folding,HCDR3,GFTFSQYG,IGPSGGST,TRGGRAYYYAFDV,,0.0,2.0,0.0,False,0.4373293817043304,0.5178143382072449,2.600080966949463,1.776868447060788,0.7574933767318726,0.5103206634521484,0.7905424237251282,1.888228416442871,1.3573981350064936,0.7178750038146973,0.454710990190506,0.527619481086731,3.751008987426758,2.537933212350568,1.0330753326416016,0.5871281027793884,1.086025357246399,2.094345569610596,1.5449031621204348,0.8599527478218079,0.4973722845315933,0.4373293817043304,0.5871281027793884,0.7305004000663757,0.5178143382072449,1.086025357246399,2.583415985107422,1.888228416442871,3.751008987426758,1.8042757391345712,1.3573981350064936,2.537933212350568,0.8420991152524948,0.7178750038146973,1.0330753326416016
FXI,Osocimab,Inverse Folding,HCDR3,GFTFSQYG,IGPSGGST,ARDGPSYYYAFDV,133.9999999999999,2.0,2.0,1.0,True,0.4306612610816955,0.6911036372184753,2.004873752593994,1.408820621989075,0.6508384943008423,0.6211563944816589,1.0809531211853027,2.5200767517089844,1.8098827184464192,0.8552372455596924,0.287946879863739,0.4394887685775757,2.3865673542022705,1.6215431011370014,0.7316815257072449,0.5830939412117004,1.100556492805481,1.8505024909973145,1.4010643516258632,0.8431763052940369,0.4807146191596985,0.287946879863739,0.6211563944816589,0.8280255049467087,0.4394887685775757,1.100556492805481,2.190505087375641,1.8505024909973145,2.5200767517089844,1.56032769829959,1.4010643516258632,1.8098827184464192,0.7702333927154541,0.6508384943008423,0.8552372455596924
FXI,Osocimab,Inverse Folding,HCDR3,GFTFSQYG,IGPSGGST,TRDGPAYYYAFDI,109.00000000000004,4.0,4.0,1.0,True,0.3051347732543945,0.6506722569465637,2.835495948791504,1.9356219486025048,0.8260084986686707,0.5621057748794556,0.8652381896972656,2.1407456398010254,1.532330823679604,0.7853409051895142,0.3569638431072235,0.3947472274303436,1.963332176208496,1.3439101534336704,0.6480388641357422,0.5537446141242981,1.0986859798431396,1.877441167831421,1.4133862644371826,0.8287389278411865,0.4444872513413429,0.3051347732543945,0.5621057748794556,0.7523359134793282,0.3947472274303436,1.0986859798431396,2.204253733158112,1.877441167831421,2.835495948791504,1.5563122975382404,1.3439101534336704,1.9356219486025048,0.7720317989587784,0.6480388641357422,0.8287389278411865
FXI,Osocimab,Inverse Folding,HCDR3,GFTFSQYG,IGPSGGST,TRDGPAYYYAFDY,147.0000000000001,4.0,4.0,1.0,True,0.4868754148483276,0.7660596966743469,2.2727818489074707,1.594636985530396,0.714971125125885,0.6422921419143677,0.7251226305961609,2.062579393386841,1.471707605447794,0.7148335576057434,0.3933746218681335,0.5217298865318298,2.573377847671509,1.7568106039910556,0.7877912521362305,0.5970714092254639,1.1069386005401611,1.9121538400650024,1.440627002739237,0.8343003988265991,0.5299033969640732,0.3933746218681335,0.6422921419143677,0.7799627035856247,0.5217298865318298,1.1069386005401611,2.2052232325077057,1.9121538400650024,2.573377847671509,1.5659455494271208,1.440627002739237,1.7568106039910556,0.7629740834236145,0.7148335576057434,0.8343003988265991
FXI,Osocimab,Inverse Folding,HCDR3,GFTFSQYG,IGPSGGST,TRDGYAYYYAFDV,,0.0,4.0,0.0,False,0.3335619568824768,0.6798726320266724,2.75174880027771,1.8848351430393857,0.8078699111938477,0.4668374955654144,0.7216764092445374,1.6514930725097656,1.194334535335079,0.657880961894989,0.4080016016960144,0.6967940926551819,1.442804217338562,1.0550010727364147,0.5675780177116394,0.6040838360786438,1.0767725706100464,1.9386171102523804,1.4509440862436838,0.8496535420417786,0.4531212225556373,0.3335619568824768,0.6040838360786438,0.7937789261341095,0.6798726320266724,1.0767725706100464,1.9461658000946045,1.442804217338562,2.75174880027771,1.3962787093386408,1.0550010727364147,1.8848351430393857,0.7207456082105637,0.5675780177116394,0.8496535420417786
FXI,Osocimab,Inverse Folding,HCDR3,GFTFSQYG,IGPSGGST,ARGGSSYYYAFDV,,0.0,2.0,0.0,False,0.4027408361434936,0.5576909780502319,2.7798995971679688,1.895982124525801,0.7911436557769775,0.56236332654953,1.3647091388702393,1.9108896255493164,1.4959595865314668,0.836334228515625,0.2992206513881683,0.6235308051109314,3.398597002029419,2.3042882802300344,0.9268414974212646,0.5729758143424988,1.0963340997695925,1.8711018562316892,1.4112269786183762,0.8488608598709106,0.4593251571059227,0.2992206513881683,0.5729758143424988,0.9105662554502488,0.5576909780502319,1.3647091388702393,2.4901220202445984,1.8711018562316892,3.398597002029419,1.7768642424764196,1.4112269786183762,2.3042882802300344,0.8507950603961945,0.7911436557769775,0.9268414974212646
FXI,Osocimab,Inverse Folding,HCDR3,GFTFSQYG,IGPSGGST,ARDGPAYYYAFDY,106.00000000000004,2.0,2.0,1.0,True,0.4846427142620086,0.7739125490188599,2.206869125366211,1.5534619949909771,0.7034440636634827,0.7894841432571411,0.570992648601532,1.8780827522277832,1.357585016738241,0.7108758091926575,0.3868798315525055,0.3755650222301483,1.7136915922164917,1.181807587931973,0.6097567677497864,0.5792626738548279,1.1042269468307495,1.904363036155701,1.4334029996001545,0.85060054063797,0.5600673407316208,0.3868798315525055,0.7894841432571411,0.7061742916703224,0.3755650222301483,1.1042269468307495,1.9257516264915464,1.7136915922164917,2.206869125366211,1.3815643998153364,1.181807587931973,1.5534619949909771,0.7186692953109741,0.6097567677497864,0.85060054063797
FXI,Osocimab,Inverse Folding,HCDR3,GFTFSQYG,IGPSGGST,TRGGPSWYYAFDV,210.0000000000001,4.0,4.0,1.0,True,0.39551442861557,0.732423722743988,2.714872360229492,1.8695373252394865,0.789168119430542,0.5436999797821045,1.077045202255249,2.6698100566864014,1.8965267972680544,0.9374093413352966,0.3850766718387604,0.613821804523468,2.88742470741272,1.970334898366698,0.8378551006317139,0.5925114154815674,1.1529319286346436,2.998532772064209,2.1199232149658997,1.0146044492721558,0.4792006239295006,0.3850766718387604,0.5925114154815674,0.8940556645393372,0.613821804523468,1.1529319286346436,2.8176599740982056,2.6698100566864014,2.998532772064209,1.9640805589600343,1.8695373252394865,2.1199232149658997,0.8947592526674271,0.789168119430542,1.0146044492721558
FXI,Osocimab,Inverse Folding,HCDR3,GFTFSQYG,IGPSGGST,TRDGPSYYYGFDV,95.29999999999995,2.0,2.0,1.0,True,0.2573806643486023,0.6022065281867981,1.9973969459533687,1.3808531763934508,0.6425396800041199,0.544524610042572,1.179163932800293,1.898340344429016,1.442501728602346,0.7462909817695618,0.3800762891769409,0.517277181148529,2.297619581222534,1.574845301237615,0.7323938012123108,0.672164261341095,1.0706675052642822,1.811926245689392,1.3829636712766562,0.8513393998146057,0.4635364562273025,0.2573806643486023,0.672164261341095,0.8423287868499756,0.517277181148529,1.179163932800293,2.001320779323578,1.811926245689392,2.297619581222534,1.4452909693775169,1.3808531763934508,1.574845301237615,0.7431409657001495,0.6425396800041199,0.8513393998146057
FXI,Osocimab,Inverse Folding,HCDR3,GFTFSQYG,IGPSGGST,TRDGPAWYYAFDY,78.20000000000007,2.0,2.0,1.0,True,0.4820719957351684,0.792880654335022,2.28637170791626,1.6065154812845983,0.7237949967384338,0.5309594869613647,0.8368311524391174,2.5089104175567627,1.7586029341410707,0.8316858410835266,0.3292895555496216,0.4522344768047333,2.5680723190307617,1.7443358753234837,0.7873762845993042,0.578924834728241,1.1191492080688477,1.781084418296814,1.3638256724450564,0.8340766429901123,0.4803114682435989,0.3292895555496216,0.578924834728241,0.8002738729119301,0.4522344768047333,1.1191492080688477,2.286109715700149,1.781084418296814,2.5680723190307617,1.6183199907985522,1.3638256724450564,1.7586029341410707,0.7942334413528442,0.7237949967384338,0.8340766429901123
FXI,Osocimab,Inverse Folding,HCDR3,GFTFSQYG,IGPSGGST,ARGGGAYYYAFDV,,0.0,6.0,0.0,False,0.4472802877426147,0.618299663066864,3.148625135421753,2.145876207162676,0.8692708015441895,0.5459076762199402,0.997536301612854,2.0477170944213867,1.4954602543300128,0.7191950678825378,0.3729195296764374,0.4179967641830444,3.277862310409546,2.2142740649134134,0.9165041446685792,0.5835288763046265,1.0947630405426023,1.9949525594711304,1.4861424353278174,0.8610818386077881,0.4874090924859047,0.3729195296764374,0.5835288763046265,0.7821489423513412,0.4179967641830444,1.0947630405426023,2.617289274930954,1.9949525594711304,3.277862310409546,1.83543824043348,1.4861424353278174,2.2142740649134134,0.8415129631757736,0.7191950678825378,0.9165041446685792
FXI,Osocimab,Inverse Folding,HCDR3,GFTFSQYG,IGPSGGST,TRDGPWYYYAFDV,79.80000000000004,6.0,6.0,1.0,True,0.3969500958919525,0.676342785358429,2.499774217605591,1.723622852003919,0.732693076133728,0.3823171555995941,0.6785128712654114,2.178830862045288,1.515065948510242,0.6758589148521423,0.3866863548755646,0.5517531037330627,2.72973108291626,1.8615925310828247,0.8165374398231506,0.5951423645019531,1.10313880443573,1.900098443031311,1.4324290974659348,0.8398711681365967,0.4402739927172661,0.3823171555995941,0.5951423645019531,0.7524368911981583,0.5517531037330627,1.10313880443573,2.3271086513996124,1.900098443031311,2.72973108291626,1.6331776072657302,1.4324290974659348,1.8615925310828247,0.7662401497364044,0.6758589148521423,0.8398711681365967
FXI,Osocimab,Inverse Folding,HCDR3,GFTFSQYG,IGPSGGST,TRDGPAWYYAFDV,51.7,4.0,4.0,1.0,True,0.4603447020053863,0.7257407903671265,2.3696179389953613,1.6495045736288168,0.7317445278167725,0.3696012794971466,1.0137993097305298,2.1997365951538086,1.578083596781492,0.7587960958480835,0.390997439622879,0.4241082072257995,2.2607548236846924,1.5436760313190638,0.713381290435791,0.5752850770950317,1.1091439723968506,1.7004534006118774,1.3141047713300869,0.8269208669662476,0.4490571245551109,0.3696012794971466,0.5752850770950317,0.8181980699300766,0.4241082072257995,1.1091439723968506,2.132640689611435,1.7004534006118774,2.3696179389953613,1.521342243264865,1.3141047713300869,1.6495045736288168,0.7577106952667236,0.713381290435791,0.8269208669662476
FXI,Osocimab,Inverse Folding,HCDR3,GFTFSQYG,IGPSGGST,ARGGPAYYYYFDV,,0.0,2.0,0.0,False,0.3448375165462494,0.576086163520813,2.5446348190307617,1.739832216978483,0.7511407732963562,0.378292441368103,0.5066521763801575,2.3452084064483643,1.6049325358901507,0.7240147590637207,0.5517967343330383,0.5983813405036926,3.0148658752441406,2.06333117096936,0.8838537931442261,0.553615391254425,1.160794377326965,2.7480721473693848,1.9599980256487015,0.9731475710868835,0.4571355208754539,0.3448375165462494,0.553615391254425,0.7104785144329071,0.5066521763801575,1.160794377326965,2.663195312023163,2.3452084064483643,3.0148658752441406,1.8420234873716737,1.6049325358901507,2.06333117096936,0.8330392241477966,0.7240147590637207,0.9731475710868835
FXI,Osocimab,Inverse Folding,HCDR3,GFTFSQYG,IGPSGGST,TRDGPYYYYAFDY,68.00000000000004,2.0,2.0,1.0,True,0.3903469741344452,0.6746277809143066,2.446544885635376,1.6884241952549783,0.7624841928482056,0.4173561036586761,0.8744462132453918,1.7865067720413208,1.2998888836080589,0.6740901470184326,0.3629365563392639,0.7223532199859619,2.473285675048828,1.709516803500178,0.7751441597938538,0.5859383344650269,1.1179741621017456,1.927194356918335,1.4506661351299648,0.8338724970817566,0.439144492149353,0.3629365563392639,0.5859383344650269,0.8473503440618515,0.6746277809143066,1.1179741621017456,2.158382922410965,1.7865067720413208,2.473285675048828,1.537124004373295,1.2998888836080589,1.709516803500178,0.7613977491855621,0.6740901470184326,0.8338724970817566
FXI,Osocimab,Inverse Folding,HCDR3,GFTFSQYG,IGPSGGST,TRGGGAYYYAFDV,,0.0,2.0,0.0,False,0.2658773958683014,0.6292456984519958,2.007713794708252,1.3912908712989742,0.6195716261863708,0.5038174390792847,0.5016666054725647,1.8310623168945312,1.2815705729259057,0.6681140065193176,0.5451704263687134,0.421837717294693,3.6715941429138175,2.484775081625777,1.0114723443984983,0.6037388443946838,1.0910542011260986,2.0588724613189697,1.5261584006449649,0.8620346188545227,0.4796510264277458,0.2658773958683014,0.6037388443946838,0.660951055586338,0.421837717294693,1.0910542011260986,2.392310678958893,1.8310623168945312,3.6715941429138175,1.6709487316239056,1.2815705729259057,2.484775081625777,0.7902981489896774,0.6195716261863708,1.0114723443984983
FXI,Osocimab,Inverse Folding,HCDR3,GFTFSQYG,IGPSGGST,ARDGPSWYYAFDV,59.90000000000001,2.0,2.0,1.0,True,0.3419378995895386,0.6710185408592224,2.634087562561035,1.807426480680844,0.792024552822113,0.5579894781112671,1.004549503326416,2.261662721633911,1.6301080264827437,0.8193893432617188,0.5216884613037109,0.439306765794754,2.1819868087768555,1.5041902153975546,0.7034796476364136,0.5506740212440491,1.1167211532592771,1.9314593076705933,1.4491307720184676,0.865184485912323,0.4930724650621414,0.3419378995895386,0.5579894781112671,0.8078989908099174,0.439306765794754,1.1167211532592771,2.2522991001605988,1.9314593076705933,2.634087562561035,1.5977138736449024,1.4491307720184676,1.807426480680844,0.7950195074081421,0.7034796476364136,0.865184485912323
FXI,Osocimab,Inverse Folding,HCDR3,GFTFSQYG,IGPSGGST,TRGGPSYYYAFDI,,0.0,2.0,0.0,False,0.3480280637741089,0.6578586101531982,2.5389084815979004,1.7442510840897845,0.741719126701355,0.367392897605896,0.7734949588775635,2.3015389442443848,1.605252537821819,0.7366366386413574,0.3862279951572418,0.5501702427864075,1.6556038856506348,1.1633511318405494,0.6000441312789917,0.5564293265342712,1.1150752305984497,2.189439058303833,1.6053940862509422,0.8745811581611633,0.4145195707678795,0.3480280637741089,0.5564293265342712,0.7741497606039047,0.5501702427864075,1.1150752305984497,2.171372592449188,1.6556038856506348,2.5389084815979004,1.5295622100007735,1.1633511318405494,1.7442510840897845,0.7382452636957169,0.6000441312789917,0.8745811581611633
FXI,Osocimab,Inverse Folding,HCDR3,GFTFSQYG,IGPSGGST,ARGGRAYYYAFDV,,0.0,4.0,0.0,False,0.3898518681526184,0.5863956212997437,3.0083212852478027,2.047847607214308,0.839203953742981,0.3156235516071319,0.9394392371177672,2.302093505859375,1.6268497491066518,0.7660712003707886,0.4851739108562469,0.3475871682167053,3.5635294914245605,2.4064090873702053,0.9671704173088074,0.5795196294784546,1.0964094400405884,2.141042232513428,1.5745438006803505,0.8751364946365356,0.442542240023613,0.3156235516071319,0.5795196294784546,0.7424578666687012,0.3475871682167053,1.0964094400405884,2.7537466287612915,2.141042232513428,3.5635294914245605,1.913912561092879,1.5745438006803505,2.4064090873702053,0.8618955165147781,0.7660712003707886,0.9671704173088074
FXI,Osocimab,Inverse Folding,HCDR3,GFTFSQYG,IGPSGGST,TRGGPAYYYGFDY,148.00000000000003,2.0,2.0,1.0,True,0.4870144426822662,0.6565121412277222,1.9914817810058596,1.4007821209977502,0.6424555778503418,0.4943707585334778,0.8879585266113281,1.996681928634644,1.4394753084893874,0.7531726956367493,0.5165829062461853,0.5249165296554565,2.07582950592041,1.4426633402590827,0.7023655772209167,0.716083288192749,1.111661434173584,2.955526113510132,2.0971678871358903,1.0265461206436155,0.5535128489136696,0.4870144426822662,0.716083288192749,0.7952621579170227,0.5249165296554565,1.111661434173584,2.254879832267761,1.9914817810058596,2.955526113510132,1.5950221642205276,1.4007821209977502,2.0971678871358903,0.7811349928379059,0.6424555778503418,1.0265461206436155
FXI,Osocimab,Inverse Folding,HCDR3,GFTFSQYG,IGPSGGST,ARDGPAYYYAFDV,84.00000000000007,4.0,4.0,1.0,True,0.4164973199367523,0.7369831800460815,2.1719138622283936,1.520624208555439,0.6850178241729736,0.4409580826759338,0.8927395939826965,2.1863508224487305,1.5544498200818473,0.7700002193450928,0.3577665686607361,0.4282267391681671,2.3938639163970947,1.629349334013782,0.7382761836051941,0.5902568697929382,1.0936083793640137,1.870598673820496,1.4123088440504508,0.8462357521057129,0.4513697102665901,0.3577665686607361,0.5902568697929382,0.7878894731402397,0.4282267391681671,1.0936083793640137,2.1556818187236786,1.870598673820496,2.3938639163970947,1.5291830516753795,1.4123088440504508,1.629349334013782,0.7598824948072433,0.6850178241729736,0.8462357521057129
FXI,Osocimab,Inverse Folding,HCDR3,GFTFSQYG,IGPSGGST,TRDGGAYYYAFDV,135.00000000000014,1.0,2.0,0.5,False,0.2686087787151336,0.588462233543396,2.256927728652954,1.5488138270078604,0.6900049448013306,0.4037268757820129,0.7998327016830444,1.648314356803894,1.1997419948540988,0.7135459780693054,0.3971226215362549,0.5763694643974304,3.144041061401367,2.1369022829006696,0.8828864097595215,0.5853092074394226,1.0964419841766355,1.820341944694519,1.3825957282666368,0.8330174088478088,0.413691870868206,0.2686087787151336,0.5853092074394226,0.7652765959501266,0.5763694643974304,1.0964419841766355,2.217406272888184,1.648314356803894,3.144041061401367,1.5670134582573163,1.1997419948540988,2.1369022829006696,0.7798636853694916,0.6900049448013306,0.8828864097595215
FXI,Osocimab,Inverse Folding,HCDR3,GFTFSQYG,IGPSGGST,TRDGRSYYYAFDV,750.0000000000001,1.0,6.0,0.1666666666666666,False,0.34524005651474,0.6038593053817749,2.77321457862854,1.892362529486028,0.8000292778015137,0.561982274055481,0.974406123161316,2.203585147857666,1.5892697141359189,0.8489620685577393,0.3927823305130005,0.6790738701820374,2.028886079788208,1.4195224751287825,0.6832824945449829,0.5912401080131531,1.0828310251235962,1.8869837522506716,1.4198822560546118,0.8436205983161926,0.4728111922740936,0.34524005651474,0.5912401080131531,0.8350425809621811,0.6038593053817749,1.0828310251235962,2.223167389631272,1.8869837522506716,2.77321457862854,1.5802592437013352,1.4195224751287825,1.892362529486028,0.7939736098051071,0.6832824945449829,0.8489620685577393
FXI,Osocimab,Inverse Folding,HCDR3,GFTFSQYG,IGPSGGST,TRGGPAYYYAFDY,305.9999999999998,2.0,2.0,1.0,True,0.393709659576416,0.7124979496002197,2.23258638381958,1.5547372600921,0.6986603140830994,0.5975100994110107,1.2310374975204468,1.978171467781067,1.506890881582028,0.8370171785354614,0.3392677009105682,0.3715466856956482,2.201124668121338,1.4972335818529707,0.7156395316123962,0.5967464447021484,1.118905544281006,2.258725881576538,1.6524631708102913,0.8872811198234558,0.4818084761500358,0.3392677009105682,0.5975100994110107,0.8584969192743301,0.3715466856956482,1.2310374975204468,2.1676521003246307,1.978171467781067,2.258725881576538,1.5528312235843476,1.4972335818529707,1.6524631708102913,0.7846495360136032,0.6986603140830994,0.8872811198234558
FXI,Osocimab,Inverse Folding,HCDR3,GFTFSQYG,IGPSGGST,TRGGSAYYYAFDY,,0.0,2.0,0.0,False,0.4415301382541656,0.6143972277641296,2.2633204460144043,1.5666075281372944,0.6950555443763733,0.5976858139038086,1.201019525527954,1.9471421241760252,1.481903735243837,0.784313440322876,0.4611067473888397,0.3767310380935669,3.724233388900757,2.5130367123808623,1.010022759437561,0.6100971698760986,1.1031014919281006,2.014162540435791,1.5023139769668712,0.856998085975647,0.5276049673557281,0.4415301382541656,0.6100971698760986,0.8238123208284378,0.3767310380935669,1.201019525527954,2.4872146248817444,1.9471421241760252,3.724233388900757,1.765965488182216,1.481903735243837,2.5130367123808623,0.8365974575281143,0.6950555443763733,1.010022759437561
FXI,Osocimab,Inverse Folding,HCDR3,GFTFSQYG,IGPSGGST,ARGGPAYYYAFDI,429.99999999999966,1.0,2.0,0.5,False,0.3110077083110809,0.7312374711036682,2.7753400802612305,1.9044787101457787,0.7976695895195007,0.4714741110801697,1.2644490003585815,2.518472194671631,1.829113987839157,0.8949753642082214,0.4306382238864898,0.5236902832984924,2.133397340774536,1.4721038325290772,0.694903552532196,0.5394614338874817,1.108090043067932,2.193345308303833,1.6048523919292017,0.8832299709320068,0.4381453692913055,0.3110077083110809,0.5394614338874817,0.9068666994571686,0.5236902832984924,1.2644490003585815,2.405138731002808,2.133397340774536,2.7753400802612305,1.7026372306108035,1.4721038325290772,1.9044787101457787,0.8176946192979813,0.694903552532196,0.8949753642082214
FXI,Osocimab,Inverse Folding,HCDR3,GFTFSQYG,IGPSGGST,TRGGPWYYYAFDV,284.00000000000017,2.0,2.0,1.0,True,0.2916756868362427,0.6368169784545898,2.267247438430786,1.5619420590012836,0.6826027631759644,0.4350109696388244,0.5345385074615479,2.64440393447876,1.8071416358652128,0.7806881070137024,0.3576827645301819,0.5026158094406128,2.6963484287261963,1.834142756954376,0.7908210754394531,0.603459894657135,1.1218615770339966,2.588284492492676,1.8576191094952268,0.9447936415672302,0.421957328915596,0.2916756868362427,0.603459894657135,0.6989582180976868,0.5026158094406128,1.1218615770339966,2.5490710735321045,2.267247438430786,2.6963484287261963,1.7652113903290247,1.5619420590012836,1.8576191094952268,0.7997263967990875,0.6826027631759644,0.9447936415672302
FXI,Osocimab,Inverse Folding,HCDR3,GFTFSQYG,IGPSGGST,TRDGDAYYYAFDV,624.9999999999997,2.0,2.0,1.0,True,0.3486785292625427,0.6384323835372925,2.7422237396240234,1.875345159007662,0.8012791872024536,0.4466009140014648,1.022897243499756,1.8700900077819824,1.382529484138415,0.7538745999336243,0.3440059125423431,0.5834089517593384,3.080050230026245,2.0926544027915064,0.8705088496208191,0.6191250085830688,1.0782276391983032,1.8672103881835935,1.4104449675008104,0.8461846709251404,0.4396025910973549,0.3440059125423431,0.6191250085830688,0.8307415544986725,0.5834089517593384,1.0782276391983032,2.389893591403961,1.8672103881835935,3.080050230026245,1.6902435033595984,1.382529484138415,2.0926544027915064,0.8179618269205093,0.7538745999336243,0.8705088496208191
FXI,Osocimab,Inverse Folding,HCDR3,GFTFSQYG,IGPSGGST,TRDGPDYYYAFDY,572.9999999999998,2.0,2.0,1.0,True,0.405371218919754,0.7011979222297668,2.632875680923462,1.8134029867258328,0.8025792241096497,0.5263434648513794,0.8484207391738892,2.10989761352539,1.5068410066861708,0.7479221224784851,0.38617804646492,0.5026370286941528,2.5943291187286377,1.768608319254695,0.7699413299560547,0.588162362575531,1.124545931816101,1.8865008354187007,1.428162774053549,0.8296352624893188,0.4765137732028961,0.38617804646492,0.588162362575531,0.7942004054784775,0.5026370286941528,1.124545931816101,2.305900812149048,1.8865008354187007,2.632875680923462,1.629253771680062,1.428162774053549,1.8134029867258328,0.7875194847583771,0.7479221224784851,0.8296352624893188
FXI,Osocimab,Inverse Folding,HCDR3,GFTFSQYG,IGPSGGST,ARGGPAWYYAFDV,203.9999999999998,2.0,2.0,1.0,True,0.4703134894371032,0.5741076469421387,2.805672645568848,1.918510034952631,0.8211449384689331,0.5258702635765076,0.5153919458389282,2.2439160346984863,1.551355540250348,0.7223705053329468,0.4189291000366211,0.4952997267246246,2.570166110992432,1.7542204003432185,0.7434046864509583,0.5799255967140198,1.1590698957443235,3.1059303283691406,2.188106530127732,1.039068579673767,0.4987596124410629,0.4189291000366211,0.5799255967140198,0.6859673038125038,0.4952997267246246,1.1590698957443235,2.6814212799072266,2.2439160346984863,3.1059303283691406,1.8530481264184824,1.551355540250348,2.188106530127732,0.8314971774816513,0.7223705053329468,1.039068579673767
FXI,Osocimab,Inverse Folding,HCDR3,GFTFSQYG,IGPSGGST,ARGGSAYYYAFDV,822.0000000000002,1.0,2.0,0.5,False,0.3950861096382141,0.5877871513366699,2.8645410537719727,1.95364764927602,0.8071866035461426,0.6409357190132141,0.8285174369812012,1.7855392694473269,1.316000657555536,0.7551613450050354,0.4759761989116668,0.4404619932174682,3.200638771057129,2.169837368222592,0.8924915194511414,0.5814643502235413,1.0934603214263916,1.9399477243423464,1.45263391420517,0.8554257750511169,0.5233655944466591,0.3950861096382141,0.6409357190132141,0.7375567257404327,0.4404619932174682,1.0934603214263916,2.4476667046546936,1.7855392694473269,3.200638771057129,1.7230298973148293,1.316000657555536,2.169837368222592,0.8275663107633591,0.7551613450050354,0.8924915194511414
FXI,Osocimab,Inverse Folding,HCDR3,GFTFSQYG,IGPSGGST,TRGGPAWYYAFDV,241.0,2.0,2.0,1.0,True,0.4815822541713714,0.5955655574798584,2.820988655090332,1.931112412166136,0.8244690299034119,0.4935228228569031,0.5735535621643066,2.580026626586914,1.7725416569540315,0.8077412247657776,0.4011342525482178,0.5839420557022095,3.1788370609283447,2.1606212539132748,0.9006832242012024,0.6017779111862183,1.1409939527511597,3.048344612121582,2.1504874684119617,1.025347352027893,0.4945043101906776,0.4011342525482178,0.6017779111862183,0.7235137820243835,0.5735535621643066,1.1409939527511597,2.907049238681793,2.580026626586914,3.1788370609283447,2.003690697861351,1.7725416569540315,2.1606212539132748,0.8895602077245712,0.8077412247657776,1.025347352027893
FXI,Osocimab,Inverse Folding,HCDR3,GFTFSQYG,IGPSGGST,TRGGTAYYYAFDV,1409.999999999999,2.0,2.0,1.0,True,0.412963330745697,0.5882037281990051,2.7912769317626958,1.906595888095159,0.791330099105835,0.5841692090034485,0.9962818026542664,1.4383397102355957,1.1381370644521054,0.686146080493927,0.3477006554603576,0.4586286544799804,2.837801456451416,1.9239005842946768,0.8241536021232605,0.5917698740959167,1.0931905508041382,1.9922301769256592,1.485084594434012,0.8652930855751038,0.484150767326355,0.3477006554603576,0.5917698740959167,0.7840761840343475,0.4586286544799804,1.0931905508041382,2.2649120688438416,1.4383397102355957,2.837801456451416,1.6134295328189885,1.1381370644521054,1.9239005842946768,0.7917307168245316,0.686146080493927,0.8652930855751038
FXI,Osocimab,Inverse Folding,HCDR3,GFTFSQYG,IGPSGGST,TRDGPWYYYGFDV,46.00000000000003,4.0,4.0,1.0,True,0.3138907849788666,0.5871589779853821,2.098018884658813,1.4475680776986533,0.6602790951728821,0.4698082506656647,0.5287866592407227,3.0442283153533936,2.0717968168174083,0.8475267291069031,0.4009734690189361,0.5769078731536865,2.53931188583374,1.739740194948708,0.7644397020339966,0.7223791480064392,1.0575833320617676,2.599987745285034,1.8662306163166924,0.9780839085578918,0.4767629131674766,0.3138907849788666,0.7223791480064392,0.6876092106103897,0.5287866592407227,1.0575833320617676,2.5703867077827454,2.098018884658813,3.0442283153533936,1.7813339264453656,1.4475680776986533,2.0717968168174083,0.8125823587179184,0.6602790951728821,0.9780839085578918
FXI,Osocimab,Inverse Folding,HCDR3,GFTFSQYG,IGPSGGST,TRGGPSYYYAFDV,1369.9999999999998,1.0,2.0,0.5,False,0.3561613857746124,0.6573688387870789,2.505455255508423,1.7228370374333686,0.7352702617645264,0.6135673522949219,0.7546218633651733,2.5796921253204346,1.801148114862322,0.7674304246902466,0.4196287393569946,0.4186697006225586,2.982519626617432,2.0210229910307045,0.8521633744239807,0.6002606749534607,1.1072906255722046,2.1648108959198,1.5932457010684031,0.8750508427619934,0.4974045380949974,0.3561613857746124,0.6135673522949219,0.7344877570867538,0.4186697006225586,1.1072906255722046,2.558119475841522,2.1648108959198,2.982519626617432,1.7845634610986996,1.5932457010684031,2.0210229910307045,0.8074787259101868,0.7352702617645264,0.8750508427619934
FXI,Osocimab,Inverse Folding,HCDR3,GFTFSQYG,IGPSGGST,TRDGSAYYYAFDY,247.99999999999983,4.0,4.0,1.0,True,0.4189503788948059,0.6974063515663147,2.791499137878418,1.917228935941559,0.8263003826141357,0.6236961483955383,0.8858335018157959,1.5525004863739014,1.18500594950037,0.703840970993042,0.5065877437591553,0.3994057774543762,2.7905094623565674,1.8988154992997464,0.8238386511802673,0.6078464984893799,1.0954983234405518,1.874632477760315,1.4171603659997276,0.8353779911994934,0.5392701923847198,0.4189503788948059,0.6236961483955383,0.7695359885692596,0.3994057774543762,1.0954983234405518,2.2522853910923004,1.5525004863739014,2.791499137878418,1.6045526876853506,1.18500594950037,1.917228935941559,0.7973394989967346,0.703840970993042,0.8353779911994934
FXI,Osocimab,Inverse Folding,HCDR123,GFTFSSYA,ISGDGGST,TRDGPAYYYGFDV,,0.0,2.0,0.0,False,0.2910275459289551,0.7739116549491882,1.8925310373306277,1.3394652653027137,0.6210805773735046,0.4880523979663849,0.8160582184791565,1.9788981676101685,1.415939589641212,0.7056156992912292,0.2931489050388336,0.4103624820709228,1.993771314620972,1.360923645439904,0.6396952867507935,0.8319404721260071,0.7782986164093018,2.066758394241333,1.5075941426073782,0.8821261525154114,0.4760423302650451,0.2910275459289551,0.8319404721260071,0.6946577429771423,0.4103624820709228,0.8160582184791565,1.9829897284507751,1.8925310373306277,2.066758394241333,1.405980660747802,1.3394652653027137,1.5075941426073782,0.7121294289827347,0.6210805773735046,0.8821261525154114
FXI,Osocimab,Inverse Folding,HCDR123,GFTFSSYA,ISSDGGST,TRGGPAYYYAFDY,,0.0,2.0,0.0,False,0.5764752626419067,0.9208368062973022,2.2962582111358643,1.639896298833162,0.7879376411437988,0.5181042551994324,1.0706487894058228,2.079508066177368,1.52603120771805,0.7434985041618347,0.5020719766616821,0.6293336153030396,1.768169403076172,1.2570984111816386,0.6448454260826111,0.5178902745246887,0.6521543860435486,2.081247091293335,1.4605004852220955,0.8485847115516663,0.5286354422569275,0.5020719766616821,0.5764752626419067,0.8182433992624283,0.6293336153030396,1.0706487894058228,2.056295692920685,1.768169403076172,2.2962582111358643,1.4708816007387366,1.2570984111816386,1.639896298833162,0.7562165707349777,0.6448454260826111,0.8485847115516663
FXI,Osocimab,Inverse Folding,HCDR123,GFTFSSYA,ISSDGGST,ARDGPWYYYAFDV,,0.0,2.0,0.0,False,0.4181178212165832,0.6995062828063965,2.4255118370056152,1.6794236711129742,0.7269619703292847,0.5564984679222107,0.8303636908531189,2.4076919555664062,1.6953720212103711,0.8108510971069336,0.6506983637809753,0.6251534223556519,2.677190065383911,1.8540664320330005,0.7839470505714417,0.4938070476055145,0.6217983365058899,1.8816596269607544,1.3270681575006644,0.8284275531768799,0.529780425131321,0.4181178212165832,0.6506983637809753,0.6942054331302643,0.6217983365058899,0.8303636908531189,2.348013371229172,1.8816596269607544,2.677190065383911,1.6389825704642529,1.3270681575006644,1.8540664320330005,0.787546917796135,0.7269619703292847,0.8284275531768799
FXI,Osocimab,Inverse Folding,HCDR123,GFTFSSYA,ISGDGGST,TRDGPAYYYAFDV,,0.0,2.0,0.0,False,0.460904061794281,0.7594785094261169,2.094155550003052,1.4777109320532429,0.6732679009437561,0.523188054561615,0.8808038830757141,2.187265157699585,1.5601724603847096,0.7551244497299194,0.4072050154209137,0.6768145561218262,2.230049133300781,1.549657356163758,0.7189619541168213,0.7643752098083496,0.7806370258331299,1.853661298751831,1.367329284006416,0.8343086838722229,0.5389180853962898,0.4072050154209137,0.7643752098083496,0.7744334936141968,0.6768145561218262,0.8808038830757141,2.0912827849388123,1.853661298751831,2.230049133300781,1.4887175081520314,1.367329284006416,1.5601724603847096,0.7454157471656799,0.6732679009437561,0.8343086838722229
FXI,Osocimab,Inverse Folding,HCDR123,GFTFSSYA,ISSDGGST,ARDGPAYYYAFDY,,0.0,2.0,0.0,False,0.3567042946815491,0.5407583713531494,2.640594005584717,1.8004102759491103,0.7949414253234863,0.6046741604804993,0.7112425565719604,1.7127172946929932,1.2471509798140172,0.6722581386566162,0.3825812041759491,0.5735082030296326,2.0082011222839355,1.39246213360141,0.6806100010871887,0.4990367591381073,0.610350489616394,1.8948019742965696,1.3345035502148437,0.8298490047454834,0.4607491046190262,0.3567042946815491,0.6046741604804993,0.6089649051427841,0.5407583713531494,0.7112425565719604,2.064078599214554,1.7127172946929932,2.640594005584717,1.443631734894845,1.2471509798140172,1.8004102759491103,0.7444146424531937,0.6722581386566162,0.8298490047454834
FXI,Osocimab,Inverse Folding,HCDR123,GFTFSSYA,ISSDGGST,TRDGPAYYYAFDY,,0.0,2.0,0.0,False,0.3570659756660461,0.5635592937469482,2.732794761657715,1.862950341110288,0.812874436378479,0.6367464065551758,1.132522463798523,2.1479034423828125,1.5917869432631997,0.8128355741500854,0.4040783941745758,0.6948462724685669,2.3670108318328857,1.6400625423545754,0.7503498792648315,0.5173085331916809,0.6231959462165833,1.9048091173172,1.344410157826449,0.8156738877296448,0.4787998273968696,0.3570659756660461,0.6367464065551758,0.7535309940576553,0.5635592937469482,1.132522463798523,2.288129538297653,1.9048091173172,2.732794761657715,1.609802496138628,1.344410157826449,1.862950341110288,0.7979334443807602,0.7503498792648315,0.8156738877296448
FXI,Osocimab,Inverse Folding,HCDR123,GFTFSSYA,ISSGGGST,ARDGPAYYYAFDV,,0.0,4.0,0.0,False,0.3198357224464416,0.5834686756134033,2.6931862831115723,1.8367336572279365,0.7992376685142517,0.5768256783485413,0.8418742418289185,1.8267161846160889,1.3353475211739485,0.7258367538452148,0.6222101449966431,0.5126623511314392,2.0053257942199707,1.407823647348389,0.7023385167121887,0.6721053719520569,0.9736451506614684,1.853583574295044,1.3879123612519175,0.8503696322441101,0.5477442294359207,0.3198357224464416,0.6721053719520569,0.7279126048088074,0.5126623511314392,0.9736451506614684,2.094702959060669,1.8267161846160889,2.6931862831115723,1.4919542967505477,1.3353475211739485,1.8367336572279365,0.7694456428289413,0.7023385167121887,0.8503696322441101
FXI,Osocimab,Inverse Folding,HCDR123,GFTFSSYA,ISADGGST,TRDGPAYYYAFDY,,0.0,2.0,0.0,False,0.3811527490615845,0.8732334971427917,2.292381525039673,1.6143503337433134,0.7413321733474731,0.6320157647132874,0.835004985332489,1.5086199045181274,1.15012083669526,0.7120808959007263,0.3170082569122314,0.8520623445510864,2.1913042068481445,1.5428994139111565,0.7115933895111084,0.5283834934234619,0.6479620337486267,1.904534220695496,1.3486469474589362,0.8170788288116455,0.4646400660276413,0.3170082569122314,0.6320157647132874,0.8020657151937485,0.6479620337486267,0.8732334971427917,1.97420996427536,1.5086199045181274,2.292381525039673,1.414004382952167,1.15012083669526,1.6143503337433134,0.7455213218927383,0.7115933895111084,0.8170788288116455
FXI,Osocimab,Inverse Folding,HCDR123,GFTFSSYA,ISSDGGST,TRDGPAYYYAFDV,,0.0,4.0,0.0,False,0.3099409937858581,0.4974117875099182,2.7066335678100586,1.8381409626915404,0.7893130779266357,0.5037052631378174,0.9505833387374878,1.7370519638061523,1.2930072569935416,0.7139309048652649,0.3788377642631531,0.4674320518970489,1.4234397411346436,1.0040681948010426,0.5627939701080322,0.5173859596252441,0.6216939091682434,1.8686212301254272,1.3212614310352069,0.812333345413208,0.4274674952030182,0.3099409937858581,0.5173859596252441,0.6342802718281746,0.4674320518970489,0.9505833387374878,1.9339366257190704,1.4234397411346436,2.7066335678100586,1.364119461380333,1.0040681948010426,1.8381409626915404,0.7195928245782852,0.5627939701080322,0.812333345413208
FXI,Osocimab,Inverse Folding,HCDR123,GFTFSSYA,ISSDGGST,TRGGPSYYYGFDV,,0.0,2.0,0.0,False,0.4381646811962127,0.5431865453720093,2.1543898582458496,1.488281384272976,0.6558769345283508,0.4683597683906555,1.0004329681396484,3.3885416984558105,2.3417544919712663,1.0187519788742063,0.389900803565979,0.6123509407043457,2.66663670539856,1.8256632014728296,0.791469395160675,0.5892261266708374,0.6822329163551331,2.174623250961304,1.5310336279912249,0.8848773837089539,0.4714128449559212,0.389900803565979,0.5892261266708374,0.7095508426427841,0.5431865453720093,1.0004329681396484,2.596047878265381,2.1543898582458496,3.3885416984558105,1.7966831764270743,1.488281384272976,2.3417544919712663,0.8377439230680466,0.6558769345283508,1.0187519788742063
FXI,Osocimab,Inverse Folding,HCDR123,GFTFSSYA,ISADGGST,ARGGPAYYYAFDV,,0.0,2.0,0.0,False,0.405634731054306,0.4158254861831665,2.381593704223633,1.6234855478254515,0.7141502499580383,0.4186277687549591,0.9183145761489868,2.4527041912078857,1.7256009348141947,0.8496623039245605,0.4301803112030029,0.4904477298259735,1.324568748474121,0.9507351676166949,0.5536184906959534,0.509303629398346,0.6758795976638794,2.0260448455810547,1.427473988550081,0.8494253754615784,0.4409366101026535,0.405634731054306,0.509303629398346,0.6251168474555016,0.4158254861831665,0.9183145761489868,2.0462278723716736,1.324568748474121,2.4527041912078857,1.4318239097016054,0.9507351676166949,1.7256009348141947,0.7417141050100327,0.5536184906959534,0.8496623039245605
FXI,Osocimab,Inverse Folding,HCDR123,GFTFSSYA,ISGDGGST,TRDGPAYYYAFDY,,0.0,2.0,0.0,False,0.5190871953964233,0.8073986768722534,2.212756633758545,1.5649451690501486,0.7067409753799438,0.489502340555191,0.8958984613418579,2.33078932762146,1.6500940236779509,0.8431257605552673,0.430873304605484,0.6208750009536743,2.3334734439849854,1.6119743585988808,0.7464488744735718,0.7126666307449341,0.6791799068450928,1.8921903371810915,1.3683419127705816,0.8312538862228394,0.5380323678255081,0.430873304605484,0.7126666307449341,0.7508380115032196,0.6208750009536743,0.8958984613418579,2.1923024356365204,1.8921903371810915,2.3334734439849854,1.5488388660243904,1.3683419127705816,1.6500940236779509,0.7818923741579056,0.7067409753799438,0.8431257605552673
FXI,Osocimab,Inverse Folding,HCDR123,GFTFSSYA,ISSDGGST,TRGGPSYYYAFDY,,0.0,2.0,0.0,False,0.4282404780387878,0.461790382862091,2.4923975467681885,1.7012137049020228,0.7522181272506714,0.3511371612548828,0.9463151097297668,2.5037624835968018,1.7581850183994574,0.8261983394622803,0.4422223567962646,0.4465492963790893,2.0157032012939453,1.3893623846404906,0.6393969655036926,0.5076159238815308,0.6619407534599304,2.111262321472168,1.4799031604971975,0.8504317998886108,0.4323039799928665,0.3511371612548828,0.5076159238815308,0.6291488856077194,0.4465492963790893,0.9463151097297668,2.280781388282776,2.0157032012939453,2.5037624835968018,1.582166067109792,1.3893623846404906,1.7581850183994574,0.7670613080263138,0.6393969655036926,0.8504317998886108
FXI,Osocimab,Inverse Folding,HCDR123,GFTFSSYA,ISSDGSST,ARGGPAYYYAFDV,,0.0,2.0,0.0,False,0.3606486022472381,0.8036653399467468,2.78730845451355,1.9226930880239053,0.8098291158676147,0.5263828039169312,0.6169752478599548,2.1528234481811523,1.5030122959250185,0.7236047983169556,0.4793759882450104,0.7701212167739868,2.2258572578430176,1.564595696733276,0.6990114450454712,0.4739763736724853,0.5726218223571777,1.9833418130874636,1.384118997175844,0.8413099646568298,0.4600959420204162,0.3606486022472381,0.5263828039169312,0.6908459067344666,0.5726218223571777,0.8036653399467468,2.287332743406296,1.9833418130874636,2.78730845451355,1.5936050194645108,1.384118997175844,1.9226930880239053,0.7684388309717178,0.6990114450454712,0.8413099646568298
FXI,Osocimab,Inverse Folding,HCDR123,GFTFSSYA,ISSDGSST,TRGGPSYYYAFDV,,0.0,4.0,0.0,False,0.4374672174453735,0.5484068989753723,2.679399013519287,1.8313962028528483,0.7767004370689392,0.3896107971668243,0.7595940828323364,2.83985447883606,1.953531664342644,0.8549271821975708,0.4170981347560882,0.6228700876235962,2.2617101669311523,1.5646397781992936,0.7144820094108582,0.4943951070308685,0.5939849019050598,1.9809504747390747,1.3870347790206663,0.8349267244338989,0.4346428140997886,0.3896107971668243,0.4943951070308685,0.6312139928340912,0.5484068989753723,0.7595940828323364,2.440478533506393,1.9809504747390747,2.83985447883606,1.6841506061038634,1.3870347790206663,1.953531664342644,0.7952590882778168,0.7144820094108582,0.8549271821975708
FXI,Osocimab,Inverse Folding,HCDR123,GFTFSSYA,ISAGGGST,TRGGPAYYYAFDV,,0.0,4.0,0.0,False,0.3821678459644317,0.4873917400836944,2.5508692264556885,1.7385979617213725,0.758310854434967,0.4329099953174591,0.6817826628684998,2.3453731536865234,1.6265892737396936,0.7993769645690918,0.292705774307251,0.5703516006469727,1.7828199863433838,1.2402395944493598,0.5929245948791504,0.665310800075531,1.0529543161392212,2.038877248764038,1.513753905230827,0.8663751482963562,0.4432736039161682,0.292705774307251,0.665310800075531,0.698120079934597,0.4873917400836944,1.0529543161392212,2.1794849038124084,1.7828199863433838,2.5508692264556885,1.5297951837853134,1.2402395944493598,1.7385979617213725,0.7542468905448914,0.5929245948791504,0.8663751482963562
FXI,Osocimab,Inverse Folding,HCDR123,GFTFSSYA,ISGGGGST,TRGGPAYYYAFDV,,0.0,2.0,0.0,False,0.3011159002780914,0.6819043159484863,2.1875462532043457,1.516063143313384,0.6873781681060791,0.5681508183479309,0.8224881887435913,1.9157557487487795,1.385961866163576,0.7535815834999084,0.3489536643028259,0.6204243302345276,2.079074621200561,1.4413442806053876,0.6734035611152649,0.8510702252388,2.2021851539611816,2.024869441986084,1.837284082431024,0.9565940499305724,0.5173226520419121,0.3011159002780914,0.8510702252388,1.0817504972219467,0.6204243302345276,2.2021851539611816,2.051811516284942,1.9157557487487795,2.1875462532043457,1.545163343128343,1.385961866163576,1.837284082431024,0.7677393406629562,0.6734035611152649,0.9565940499305724
FXI,Osocimab,Inverse Folding,HCDR123,GFTFSSYA,ISSGGGST,TRDGPAYYYAFDV,,0.0,2.0,0.0,False,0.4301489293575287,0.6609909534454346,2.063282012939453,1.442199251857197,0.6643595695495605,0.5300308465957642,0.7238563299179077,1.7932536602020264,1.2898017549542056,0.6788629293441772,0.4467816650867462,0.5522511005401611,2.09314227104187,1.4502430288978103,0.7043240666389465,0.6842514872550964,0.9797624349594116,1.8552130460739136,1.3917079189248291,0.8374272584915161,0.5228032320737839,0.4301489293575287,0.6842514872550964,0.7292152047157288,0.5522511005401611,0.9797624349594116,1.951222747564316,1.7932536602020264,2.09314227104187,1.3934879886585103,1.2898017549542056,1.4502430288978103,0.7212434560060501,0.6643595695495605,0.8374272584915161
FXI,Osocimab,Inverse Folding,HCDR123,GFTFSSYA,ISGDGGST,TRDGPSYYYAFDV,,0.0,4.0,0.0,False,0.4692670702934265,0.6992738246917725,1.867180705070496,1.326081769613344,0.6239603161811829,0.6609699130058289,0.9234907031059264,2.536658763885498,1.8000768214846146,0.889294445514679,0.4355899095535278,0.4272721707820892,1.6706560850143433,1.1635645800280303,0.6160574555397034,0.7617200613021851,0.8261441588401794,1.8301966190338133,1.3601078636232475,0.8328959941864014,0.5818867385387421,0.4355899095535278,0.7617200613021851,0.7190452143549919,0.4272721707820892,0.9234907031059264,1.9761730432510376,1.6706560850143433,2.536658763885498,1.412457758687309,1.1635645800280303,1.8000768214846146,0.7405520528554916,0.6160574555397034,0.889294445514679
FXI,Osocimab,Inverse Folding,HCDR123,GFTFSSYA,ISPDGGST,TRDGPAYYYAFDV,,0.0,2.0,0.0,False,0.2999250888824463,0.5498583316802979,2.6328299045562744,1.793202749591284,0.7822490930557251,0.5815844535827637,0.9916516542434692,2.192641258239746,1.5873714096761598,0.8293874263763428,0.4160133004188537,0.5214945673942566,1.88173246383667,1.3076975165707725,0.6337355971336365,0.5237148404121399,0.6291281580924988,1.8724851608276367,1.3253658518303058,0.8157317638397217,0.4553094208240509,0.2999250888824463,0.5815844535827637,0.6730331778526306,0.5214945673942566,0.9916516542434692,2.144922196865082,1.8724851608276367,2.6328299045562744,1.5034093819171304,1.3076975165707725,1.793202749591284,0.7652759701013565,0.6337355971336365,0.8293874263763428
FXI,Osocimab,Inverse Folding,HCDR123,GFTFSSYA,ISADGSST,TRDGPAYYYAFDV,,0.0,2.0,0.0,False,0.4205692708492279,0.7720195651054382,1.943081736564636,1.3804735321811643,0.6434363126754761,0.6143278479576111,0.6191980242729187,2.046663284301758,1.4448629212552917,0.7930117249488831,0.3356145322322845,0.6152399778366089,2.586345195770264,1.7703362031028524,0.785406231880188,0.5081886649131775,0.613338828086853,1.8742793798446653,1.322791241847216,0.8147498369216919,0.4696750789880752,0.3356145322322845,0.6143278479576111,0.6549490988254547,0.613338828086853,0.7720195651054382,2.112592399120331,1.8742793798446653,2.586345195770264,1.479615974596631,1.322791241847216,1.7703362031028524,0.7591510266065598,0.6434363126754761,0.8147498369216919
FXI,Osocimab,Inverse Folding,HCDR123,GFTFSSYA,ISSDGSST,TRDGPAYYYAFDV,,0.0,4.0,0.0,False,0.3222683370113373,0.5594514608383179,2.9151268005371094,1.9810157440436864,0.8330891132354736,0.4471414685249328,0.8474363684654236,2.182961225509644,1.545782107462682,0.7640730142593384,0.4859061539173126,0.7665518522262573,2.458656311035156,1.7137832054766295,0.7588809728622437,0.4945392310619354,0.5932797789573669,1.8766003847122192,1.3203131372069814,0.8138658404350281,0.4374637976288795,0.3222683370113373,0.4945392310619354,0.6916798651218414,0.5594514608383179,0.8474363684654236,2.358336180448532,1.8766003847122192,2.9151268005371094,1.6402235485474947,1.3203131372069814,1.9810157440436864,0.7924772351980209,0.7588809728622437,0.8330891132354736
FXI,Osocimab,Inverse Folding,HCDR123,GFTFSSYA,ISSGGGST,TRGGPSYYYAFDV,,0.0,2.0,0.0,False,0.3427707254886627,0.5782951712608337,2.365241527557373,1.6224939709861963,0.7089315056800842,0.4360255002975464,0.9446621537208556,2.498408079147339,1.7597668013805323,0.8064823746681213,0.3867689967155456,0.4377011060714721,2.11974573135376,1.4520207758715349,0.6750704646110535,0.6850235462188721,1.0742247104644775,1.9905929565429688,1.49132794378926,0.8661981821060181,0.4626471921801567,0.3427707254886627,0.6850235462188721,0.7587207853794098,0.4377011060714721,1.0742247104644775,2.24349707365036,1.9905929565429688,2.498408079147339,1.581402373006881,1.4520207758715349,1.7597668013805323,0.7641706317663193,0.6750704646110535,0.8661981821060181
FXI,Osocimab,Inverse Folding,HCDR123,GFTFSSYA,ISGDGGST,ARDGPSYYYAFDV,,0.0,4.0,0.0,False,0.3130400776863098,0.5616477131843567,2.556730031967163,1.7448132780687065,0.7613166570663452,0.451118528842926,1.2316101789474487,2.107221841812134,1.5700643854308316,0.842289388179779,0.5338533520698547,0.6467117667198181,1.8563677072525024,1.3186356314156504,0.6494207382202148,0.7413410544395447,0.7971161603927612,1.822639226913452,1.3476163455183958,0.8425616025924683,0.5098382532596588,0.3130400776863098,0.7413410544395447,0.8092714548110962,0.5616477131843567,1.2316101789474487,2.085739701986313,1.822639226913452,2.556730031967163,1.495282410108396,1.3186356314156504,1.7448132780687065,0.7738970965147018,0.6494207382202148,0.8425616025924683
FXI,Osocimab,Inverse Folding,HCDR123,GFTFSNYA,ISSDGGST,ARDGPAYYYAFDV,,0.0,4.0,0.0,False,0.3385855555534363,0.4948567450046539,2.697690963745117,1.833445616003066,0.7883091568946838,0.6279839873313904,0.6629421710968018,2.1863317489624023,1.5403924085728635,0.7734470367431641,0.3436409533023834,0.5052431225776672,1.882245779037476,1.3004497496124567,0.6168296933174133,0.4936624467372894,0.6237935423851013,1.8583585023880005,1.3125129905812432,0.8246838450431824,0.4509682357311249,0.3385855555534363,0.6279839873313904,0.5717088952660561,0.4948567450046539,0.6629421710968018,2.156156748533249,1.8583585023880005,2.697690963745117,1.4967001911924074,1.3004497496124567,1.833445616003066,0.7508174329996109,0.6168296933174133,0.8246838450431824
FXI,Osocimab,Inverse Folding,HCDR123,GFTFSSYA,ISGDGGST,TRGGPAYYYAFDY,857.0000000000007,1.0,2.0,0.5,False,0.3979398906230926,0.5082801580429077,2.2781407833099365,1.5625208365663268,0.7141923904418945,0.520736038684845,0.5578309297561646,1.857260823249817,1.306497844303804,0.6523268222808838,0.4204805195331573,0.5428318977355957,2.1002349853515625,1.4516885959660626,0.7129755020141602,0.7560058832168579,0.9795472025871276,2.2068288326263428,1.6141580104156412,0.895045816898346,0.5237905830144882,0.3979398906230926,0.7560058832168579,0.6471225470304489,0.5082801580429077,0.9795472025871276,2.1106163561344147,1.857260823249817,2.2781407833099365,1.4837163218129588,1.306497844303804,1.6141580104156412,0.7436351329088211,0.6523268222808838,0.895045816898346
FXI,Osocimab,Inverse Folding,HCDR123,GFTFSSYA,ISADGGST,TRGGPAYYYAFDY,706.9999999999995,1.0,4.0,0.25,False,0.4787125885486603,0.8848642706871033,2.365788698196411,1.6697886950611749,0.7623061537742615,0.5227059125900269,0.9208282232284546,2.378547430038452,1.6868304403705254,0.8035017848014832,0.394678384065628,0.8353209495544434,1.584439396858215,1.1665463845961936,0.6199369430541992,0.5318743586540222,0.6895060539245605,2.1701560020446777,1.523278829798711,0.864741861820221,0.4819928109645843,0.394678384065628,0.5318743586540222,0.8326298743486404,0.6895060539245605,0.9208282232284546,2.124732881784439,1.584439396858215,2.378547430038452,1.511611087456651,1.1665463845961936,1.6868304403705254,0.7626216858625412,0.6199369430541992,0.864741861820221
FXI,Osocimab,Inverse Folding,HCDR123,GFTFSSYA,ISSDGGST,TRDGPYYYYAFDV,692.9999999999998,1.0,2.0,0.5,False,0.3165061473846435,0.5264058709144592,2.3497509956359863,1.6059750598991456,0.7188724279403687,0.3795276284217834,0.8554725646972656,1.9828438758850095,1.4156600033471944,0.7236162424087524,0.3242101669311523,0.4634208381175995,2.2846174240112305,1.558205941278019,0.6999767422676086,0.500177800655365,0.6170681118965149,1.8819894790649412,1.3273269000325223,0.8063964247703552,0.3801054358482361,0.3165061473846435,0.500177800655365,0.6155918464064598,0.4634208381175995,0.8554725646972656,2.124800443649292,1.8819894790649412,2.3497509956359863,1.4767919761392203,1.3273269000325223,1.6059750598991456,0.7372154593467712,0.6999767422676086,0.8063964247703552
FXI,Osocimab,Inverse Folding,HCDR123,GFTFSSYA,ISSDGGST,TRDGPWYYYAFDV,691.9999999999995,4.0,4.0,1.0,True,0.2879578173160553,0.5186125636100769,2.319011211395264,1.5836078248733307,0.7061052918434143,0.5085177421569824,1.0074820518493652,3.06233549118042,2.1342976363727124,0.9302234649658204,0.3659372627735138,0.5704650282859802,2.527256727218628,1.729122448136143,0.7714859843254089,0.5114814043045044,0.6320722103118896,1.8910112380981443,1.3361813007011376,0.8176426887512207,0.418473556637764,0.2879578173160553,0.5114814043045044,0.682157963514328,0.5186125636100769,1.0074820518493652,2.449903666973114,1.8910112380981443,3.06233549118042,1.6958023025208309,1.3361813007011376,2.1342976363727124,0.8063643574714661,0.7061052918434143,0.9302234649658204
FXI,Osocimab,Inverse Folding,HCDR123,GFTFSSYA,ISYDGGST,ARGGPAYYYAFDV,701.9999999999998,3.0,4.0,0.75,False,0.4561902582645416,0.6589282155036926,2.7544503211975098,1.8916269497597569,0.7976449728012085,0.5008425712585449,0.9363921880722046,2.329699277877808,1.6565322349561644,0.8013717532157898,0.4403877258300781,0.4415821731090545,2.726093053817749,1.8543710962192677,0.7849035859107971,0.531024694442749,0.8238872289657593,2.0585713386535645,1.4712946043339563,0.8566309213638306,0.4821113124489784,0.4403877258300781,0.531024694442749,0.7151974514126778,0.4415821731090545,0.9363921880722046,2.4672034978866577,2.0585713386535645,2.7544503211975098,1.7184562213172865,1.4712946043339563,1.8916269497597569,0.8101378083229065,0.7849035859107971,0.8566309213638306
FXI,Osocimab,Inverse Folding,HCDR123,GFTFSSYA,ISADGGST,TRDGPAYYYGFDV,485.00000000000034,2.0,2.0,1.0,True,0.2784123122692108,0.790709912776947,1.814364552497864,1.292109050271134,0.6214385628700256,0.4593678116798401,0.8188115954399109,2.01983904838562,1.4394505283070305,0.7751143574714661,0.3780114650726318,0.5865095257759094,2.392747402191162,1.6434111961722109,0.7139269113540649,0.585637092590332,0.6665392518043518,2.098099708557129,1.4800309183504627,0.8630874156951904,0.4253571704030037,0.2784123122692108,0.585637092590332,0.7156425714492798,0.5865095257759094,0.8188115954399109,2.081262677907944,1.814364552497864,2.392747402191162,1.4637504232752094,1.292109050271134,1.6434111961722109,0.7433918118476868,0.6214385628700256,0.8630874156951904
FXI,Osocimab,Inverse Folding,HCDR123,GFTFSSYA,ISSDGSST,TRDGPSYYYAFDV,,0.0,2.0,0.0,False,0.319812148809433,0.5328420400619507,2.867443084716797,1.9473996063242212,0.8203520178794861,0.6644144654273987,0.8588241338729858,2.712562322616577,1.903591255761724,0.8840325474739075,0.4150378406047821,0.4328029155731201,1.75322163105011,1.215358856065181,0.600556492805481,0.4868151545524597,0.5907577872276306,1.855033278465271,1.3054633223991463,0.809404730796814,0.4715199023485183,0.319812148809433,0.6644144654273987,0.6038067191839218,0.4328029155731201,0.8588241338729858,2.2970650792121887,1.75322163105011,2.867443084716797,1.592953260137568,1.215358856065181,1.9473996063242212,0.7785864472389221,0.600556492805481,0.8840325474739075
FXI,Osocimab,Inverse Folding,HCDR123,GFTFSSYA,ISGDGGST,TRGGPAYYYGFDV,546.0000000000006,1.0,2.0,0.5,False,0.5496029257774353,0.8031142950057983,1.982821583747864,1.4225645395166853,0.6803026795387268,0.419245034456253,0.7525574564933777,2.515912771224976,1.744197226028582,0.8015403151512146,0.5184563994407654,0.6077253222465515,1.9706953763961792,1.384549476189808,0.6509421467781067,0.8633925914764404,0.9081038236618042,2.2177083492279053,1.6241474024490918,0.9201200008392334,0.5876742377877235,0.419245034456253,0.8633925914764404,0.7678752243518829,0.6077253222465515,0.9081038236618042,2.171784520149231,1.9706953763961792,2.515912771224976,1.5438646610460418,1.384549476189808,1.744197226028582,0.7632262855768204,0.6509421467781067,0.9201200008392334
FXI,Osocimab,Inverse Folding,HCDR123,GFTFSSYA,ISSDGGST,TRGGPYYYYAFDV,375.0,4.0,4.0,1.0,True,0.4136163294315338,0.5313592553138733,2.6634180545806885,1.8179821472559945,0.7823630571365356,0.5383786559104919,0.7958657145500183,2.61460542678833,1.8218608381426036,0.8345197439193726,0.3961619734764099,0.6027851700782776,1.8937361240386963,1.3233112694704656,0.6709069609642029,0.5185155868530273,0.6697410345077515,2.1201417446136475,1.4875843060571523,0.8565917015075684,0.4666681364178657,0.3961619734764099,0.5383786559104919,0.6499377936124802,0.5313592553138733,0.7958657145500183,2.322975337505341,1.8937361240386963,2.6634180545806885,1.6126846402315538,1.3233112694704656,1.8218608381426036,0.7860953658819199,0.6709069609642029,0.8565917015075684
FXI,Osocimab,Inverse Folding,HCDR123,GFTFSSYA,ISSDGGST,ARGGPSYYYAFDV,505.0000000000005,2.0,2.0,1.0,True,0.3611833155155182,0.6663088202476501,2.519161462783813,1.7330025253503385,0.7477127909660339,0.3448283672332763,0.5680800080299377,2.0583415031433105,1.4216427924846846,0.6657522320747375,0.5206620693206787,0.679715633392334,1.7406760454177856,1.2491957260552278,0.640550971031189,0.4948123693466186,0.649275004863739,1.9779832363128664,1.3920043646278326,0.840941846370697,0.430371530354023,0.3448283672332763,0.5206620693206787,0.6408448666334152,0.5680800080299377,0.679715633392334,2.074040561914444,1.7406760454177856,2.519161462783813,1.4489613521295208,1.2491957260552278,1.7330025253503385,0.7237394601106644,0.640550971031189,0.840941846370697
FXI,Osocimab,Inverse Folding,HCDR123,GFTFSSYA,ISSDGGST,ARGGPAYYYAFDV,635.0000000000005,4.0,6.0,0.6666666666666666,False,0.4259002804756164,0.4451024830341339,2.494502305984497,1.7012074916912292,0.7366837859153748,0.7173112630844116,0.7177121639251709,2.175748348236084,1.5511688691749563,0.7554123997688293,0.4166748523712158,0.5202838182449341,2.3696749210357666,1.6247458738270752,0.7408575415611267,0.4999059438705444,0.6459221243858337,1.9866530895233157,1.3975995088052624,0.8442621827125549,0.5149480849504471,0.4166748523712158,0.7173112630844116,0.5822551473975182,0.4451024830341339,0.7177121639251709,2.256644666194916,1.9866530895233157,2.494502305984497,1.568680435874631,1.3975995088052624,1.7012074916912292,0.7693039774894714,0.7366837859153748,0.8442621827125549
FXI,Osocimab,Inverse Folding,HCDR123,GFTFSSYG,ISADGGST,TRGGPAYYYAFDV,245.00000000000009,2.0,2.0,1.0,True,0.4053768217563629,0.6722518801689148,2.188354969024658,1.522086711698861,0.6796615123748779,0.4119936227798462,0.9600725769996644,2.098330020904541,1.508260932592105,0.7411494255065918,0.2918660640716553,0.5519264936447144,1.5716246366500854,1.1021690403360078,0.5639336109161377,0.5326098799705505,0.6453540325164795,2.067925214767456,1.452623452081091,0.8452771306037903,0.4104615971446037,0.2918660640716553,0.5326098799705505,0.7074012458324432,0.5519264936447144,0.9600725769996644,1.9815587103366847,1.5716246366500854,2.188354969024658,1.3962850341770163,1.1021690403360078,1.522086711698861,0.7075054198503494,0.5639336109161377,0.8452771306037903
FXI,Osocimab,Inverse Folding,HCDR123,GFTFSSYA,ISGGGGST,TRDGPAYYYAFDV,,0.0,4.0,0.0,False,0.4422756731510162,0.6678460240364075,2.098893404006958,1.466906249984338,0.6652452349662781,0.5187993049621582,0.8304290175437927,2.085252523422241,1.4878558478999055,0.7703972458839417,0.3630711436271667,0.4818713068962097,1.839526891708374,1.271739703131303,0.6176918745040894,0.8371543288230896,2.08856463432312,1.8439112901687624,1.709038364556511,0.9212484359741212,0.5403251126408577,0.3630711436271667,0.8371543288230896,1.0171777456998825,0.4818713068962097,2.08856463432312,1.966896027326584,1.839526891708374,2.098893404006958,1.4838850413930142,1.271739703131303,1.709038364556511,0.7436456978321075,0.6176918745040894,0.9212484359741212
FXI,Osocimab,Inverse Folding,HCDR123,GFTFSSYA,ISSDGGST,ARGGPAYYYGFDV,310.0000000000003,2.0,2.0,1.0,True,0.3532917201519012,0.4042841494083404,2.292917490005493,1.5608707087278837,0.6840396523475647,0.6358040571212769,0.5767079591751099,2.8072550296783447,1.9328695959664088,0.8261273503303528,0.3260838985443115,0.5510829091072083,1.8342994451522827,1.2733433126076623,0.6018555760383606,0.5641089677810669,0.6626031994819641,2.2320103645324707,1.5627386316634024,0.9002450108528137,0.4698221608996391,0.3260838985443115,0.6358040571212769,0.5486695542931557,0.4042841494083404,0.6626031994819641,2.291620582342148,1.8342994451522827,2.8072550296783447,1.5824555622413392,1.2733433126076623,1.9328695959664088,0.753066897392273,0.6018555760383606,0.9002450108528137
FXI,Osocimab,Inverse Folding,HCDR123,GFTFSSYG,ISSDGGST,TRDGPAYYYAFDV,57.99999999999995,2.0,2.0,1.0,True,0.4287610650062561,0.7480747103691101,2.1328842639923096,1.4981270291875972,0.6776823997497559,0.6586986780166626,0.5901615619659424,2.1666975021362305,1.523232857377834,0.7629604339599609,0.3793540894985199,0.519903302192688,1.7352970838546753,1.2100156646300069,0.5905749797821045,0.5136737823486328,0.624204695224762,1.8754827976226809,1.3255396098873076,0.808742105960846,0.4951219037175178,0.3793540894985199,0.6586986780166626,0.6205860674381256,0.519903302192688,0.7480747103691101,1.977590411901474,1.7352970838546753,2.1666975021362305,1.3892287902706864,1.2100156646300069,1.523232857377834,0.7099899798631668,0.5905749797821045,0.808742105960846
FXI,Osocimab,Inverse Folding,HCDR123,GFTFSSYG,ISSDGGST,TRGGPAYYYAFDV,292.9999999999998,2.0,2.0,1.0,True,0.4368502795696258,0.6630634069442749,2.1795568466186523,1.5177116918351246,0.6771186590194702,0.7159465551376343,0.6274036169052124,2.3998851776123047,1.6827989143803992,0.7678658366203308,0.4752916395664215,0.47714364528656,2.2555947303771973,1.5510702005856851,0.7046862840652466,0.525110125541687,0.6244770884513855,2.0160934925079346,1.4162350141095197,0.8375457525253296,0.5382996499538422,0.4368502795696258,0.7159465551376343,0.5980219393968582,0.47714364528656,0.6630634069442749,2.212782561779022,2.0160934925079346,2.3998851776123047,1.541953955227682,1.4162350141095197,1.6827989143803992,0.7468041330575943,0.6771186590194702,0.8375457525253296
FXI,Osocimab,Inverse Folding,HCDR123,GFTFSSYG,ISSDGGST,TRDGPSYYYAFDV,80.90000000000008,2.0,2.0,1.0,True,0.3543480932712555,0.4559312462806701,2.74050521850586,1.8597578825071064,0.7896096110343933,0.4868607521057129,1.0814710855484009,2.4953813552856445,1.783090790178278,0.8867635130882263,0.4620854556560516,0.5284972786903381,2.367899179458618,1.6277016115215532,0.710273802280426,0.5081807971000671,0.6301440000534058,1.8516377210617063,1.3106189998138442,0.8054184913635254,0.4528687745332718,0.3543480932712555,0.5081807971000671,0.6740109026432037,0.4559312462806701,1.0814710855484009,2.363855868577957,1.8516377210617063,2.74050521850586,1.6452923210051955,1.3106189998138442,1.8597578825071064,0.7980163544416428,0.710273802280426,0.8867635130882263
FXI,Osocimab,Inverse Folding,HCDR123,GFTFSSYA,ISSDGGST,ARDGPSYYYAFDV,51.10000000000001,1.0,2.0,0.5,False,0.3094544410705566,0.5551857948303223,2.6237308979034424,1.7881166769673018,0.7844374179840088,0.4784181714057922,0.8547161817550659,1.849326491355896,1.3408116393706306,0.7237909436225891,0.3690289855003357,0.7208817601203918,1.4927761554718018,1.0862109353825866,0.6023331880569458,0.489287406206131,0.6157956719398499,1.8431812524795528,1.3013782413803932,0.8200295567512512,0.4115472510457039,0.3094544410705566,0.489287406206131,0.6866448521614075,0.5551857948303223,0.8547161817550659,1.9522536993026731,1.4927761554718018,2.6237308979034424,1.379129373275228,1.0862109353825866,1.7881166769673018,0.7326477766036987,0.6023331880569458,0.8200295567512512
